id,name,aka,link,image_url,worked_as,worked_in,DOB,YOB,DOD,YOD
21229,Abby Meehan,,https://wfpp.columbia.edu/person/abby-meehan/,,director|writer>journalist,Great Britain,,1853,,1931
1342,Ada Aline Urban,Ada Gorecki|Ada Aline Jones,https://wfpp.columbia.edu/person/ada-aline-urban/,https://wfpp.columbia.edu/wp-content/uploads/2018/05/adaalineurban.jpg,business partner>business co-owner|company director>company co-director,Great Britain|United States,May 15,1868,,1937
1704,Ada Egede-Nissen,Ada Kramm,https://wfpp.columbia.edu/person/ada-egede-nissen/,,actress>film actress|actress>theatre actress,Germany|Norway,,1899,,1981
1337,Adela Rogers St. Johns,Nora Adela Rogers|Adela Rogers Saint Johns|Adela Rogers St. John,https://wfpp.columbia.edu/person/adela-rogers-st-johns/,https://wfpp.columbia.edu/wp-content/uploads/2011/11/WFP-ROG02.jpg,writer>journalist|writer>novelist|writer>screenwriter|writer>source author,United States,May 20,1894,August 10,1988
1344,Adela Sequeyro,Perlita|Adela Sequeyro Haro|Mrs. Mario Tenorio,https://wfpp.columbia.edu/person/adela-sequeyro-haro/,https://wfpp.columbia.edu/wp-content/uploads/Sequeyro_Latin_America_CCP_FIG261_WFP-SEQ021.jpg,director|actress>film actress|film company owner|writer>journalist|writer>poet|producer,Mexico,March 11,1901,December 24,1992
1345,Adele S. Buffington,Jesse Bowers|Adele Burgdorfer of St. Louis|Colt Remington,https://wfpp.columbia.edu/person/adele-s-buffington/,https://wfpp.columbia.edu/wp-content/uploads/Buffington_CCP_FIGX_WFP-BUF011.jpg,guild co-founder|movie theatre ticket cashier|writer>scenario writer|writer>screenwriter,United States,February 12,1900,November 23,1973
1348,Adelina Barrasa,,https://wfpp.columbia.edu/person/adelina-barrasa/,,cinema proprietor|exhibitor>motion picture exhibitor,Mexico,,,,
1349,Adriana Ehlers,,https://wfpp.columbia.edu/person/adriana-ehlers/,https://wfpp.columbia.edu/wp-content/uploads/2012/02/WFP-ELH01.jpg,camera operator|director|filmmaker>documentary maker|equipment sales|filmmaker>ethnographic filmmaker|censor>film censorship board member|government department head|laboratory worker|visual artist>photographer|producer,Mexico|United States,September 28,1894,,1972
1351,Adriënne Solser,,https://wfpp.columbia.edu/person/adrienne-solser/,https://wfpp.columbia.edu/wp-content/uploads/2013/07/WFP-SOL02.jpg,director>co-director|comedienne|distributor|actress>film actress|film company owner|actress>musical comedy actress|producer|actress>theatre actress,The Netherlands,February 18,1873,November 29,1943
1352,Agnes Christine Johnston,A. C. Johnson|Agnes Christine Johnson|Agnes C. Johnson|Agnes Johnston|Agnes C. Johnston|Mrs. Frank Mitchell Dazey,https://wfpp.columbia.edu/person/agnes-christine-johnston/,https://wfpp.columbia.edu/wp-content/uploads/CCP_FIG167_Johnston_WFP-JOHN021.jpg,adapter|writer>screenwriter>co-screenwriter|writer>playwright|writer>scenario writer|stenographer,United States,January 11,1896,July 19,1978
1353,Agnes Gavin,Agnes Kurtz|Agnes Adele Wangenheim,https://wfpp.columbia.edu/person/agnes-gavin/,,actress>film actress|writer>scenario writer|writer>screenwriter|actress>theatre actress,Australia,,1872,January 9,1948
17526,Aili Kari,Aili Lucina Kari,https://wfpp.columbia.edu/person/aili-kari/,https://wfpp.columbia.edu/wp-content/uploads/2018/10/WFP2-KAR01-featured-image.jpg,accountant>chief accountant|actress>film actress|office manager|secretary>production secretary|actress>theatre actress,Finland,April 22,1899,July 16,1994
10082,Aleksandra Khokhlova,Aleksandra Sergeevna Khokhlova|Aleksandra Botkina,https://wfpp.columbia.edu/person/aleksandra-khokhlova/,https://wfpp.columbia.edu/wp-content/uploads/2014/04/WFP2-KHOK01.jpg,educator>acting teacher|director>assistant director|director>co-director|educator>directing teacher|actress>film actress|writer,Russia and former Soviet Union,November 4,1897,August 22,1985
3,Alice B. Russell,Alice Burton Russell|Alice Micheaux,https://wfpp.columbia.edu/person/alice-b-russell/,https://wfpp.columbia.edu/wp-content/uploads/Women_as_Camera_Operators_WFP-ORD011.jpg,actress>film actress|musician|producer,United States,June 30,1889,January 1,1985
1354,Alice Guy Blaché,Alice Blache|Alice Guy|Alice Guy-Blaché,https://wfpp.columbia.edu/person/alice-guy-blache/,https://wfpp.columbia.edu/wp-content/uploads/CCP_FIGX_BLACHE_WFP-GUY161.jpg,director>assistant director|director>co-director|producer>co-producer|writer>screenwriter>co-screenwriter|film company owner|lecturer|secretary,France|United States,July 1,1873,March 24,1968
1358,Alice Howell,,https://wfpp.columbia.edu/person/alice-howell/,https://wfpp.columbia.edu/wp-content/uploads/CCP_FIG162_Howell_WFP-HOW031.jpg,comedienne|actress>film actress,United States,May 5,1892,April 11,1961
15780,Alice Smythe Jay,Alice Burton Jay|Alice Smythe Burton|Alice Smyth Jay,htEtps://wfpp.columbia.edu/person/alice-smythe-jay/,,musician>composer|entrepreneur|musician>film accompanist|film company owner>film music company owner|inventor|musician>recording artist,United States,,,,
1361,Alice Terry,Alice Taafe|Mrs. Rex Ingram,https://wfpp.columbia.edu/person/alice-terry/,https://wfpp.columbia.edu/wp-content/uploads/Terry_CCP_FIG229_WFP-TER021.jpg,director>co-director|extra|actress>film actress,United States,July 24,1900,December 22,1987
1362,Alicia Armstrong de Vicuña,,https://wfpp.columbia.edu/person/alicia-armstrong-de-vicuna/,,director,Chile,,,,
1363,Alla Nazimova,Alla Lavendera|Adelaide Leventon (real name)|Miriam Edez Adelaida Leventon|Alla Nasimoff (earlier stage name)|Peter M. Winters|Alla Lavendera|Adelaide Leventon (real name)|Miriam Edez Adelaida Leventon|Alla Nasimoff (earlier stage name)|Peter M. Winters,https://wfpp.columbia.edu/person/alla-nazimova/,https://wfpp.columbia.edu/wp-content/uploads/Nazimova_CCP_FIGX_WFP-NAZ041.jpg,art director|costume designer|director|editor|actress>film actress|producer|writer>screenwriter|set decorator|actress>theatre actress|title writer,United States,June 3,1879,July 13,1945
11009,Alma Reville,Mrs. Alfred Hitchcock,https://wfpp.columbia.edu/person/alma-reville/,https://wfpp.columbia.edu/wp-content/uploads/2016/04/Alma-Reville-featured-image-e1461941199404.jpg,director>assistant director|continuity|editor|actress>film actress|writer>screenwriter|director>second assistant director,Great Britain|United States,August 14,1899,July 6,1982
16842,Aloha Wanderwell Baker,Aloha Wanderwell|Aloha Baker|Idris Galcia Hall,https://wfpp.columbia.edu/person/aloha-wanderwell-baker/,https://wfpp.columbia.edu/wp-content/uploads/2018/06/WFP-BAKER01-featured-image.jpg,cinematographer|director|filmmaker>documentary maker|filmmaker>ethnographic filmmaker|actress>film actress|editor>film cutter|lecturer|visual artist>photographer|producer|filmmaker>travelogue filmmaker|writer,United States,October 13,1906 or 1908,June 3,1996
10677,Alva Lundin,Alva Lindbom|Alva Lindbohm,https://wfpp.columbia.edu/person/alva-lundin/,https://wfpp.columbia.edu/wp-content/uploads/2014/09/WFP2-LUN04.jpg,title designer|title writer,Sweden,May 11,1889,February 4,1972
17671,Angela Murray Gibson,,https://wfpp.columbia.edu/person/angela-murray-gibson/,https://wfpp.columbia.edu/wp-content/uploads/2018/11/Murray-Gibson-featured-image-e1542035684784.jpg,director|actress>film actress|film company owner|cinematographer>camerawoman>newsreel camerawoman|producer|writer>screenwriter|studio head|actress>theatre actress,United States,June 29,1878,October 22,1953
1364,Ángela Ramos de Rotalde,,https://wfpp.columbia.edu/person/angela-ramos-de-rotalde/,,writer>journalist|writer>screenwriter,Peru,June 6,1896,July 26,1988
1365,Anita Loos,Mrs. John Emerson|Corrine Anita Loos|J. Emerson Loos|Anita Luus,https://wfpp.columbia.edu/person/anita-loos/,https://wfpp.columbia.edu/wp-content/uploads/Loos_CCP_FIG179_WFP-LOO011.jpg,producer>co-producer|writer>screenwriter>co-screenwriter|actress>film actress|writer>novelist|writer>playwright|writer>source author,United States,April 26,1888,August 18,1981
21640,Anita Maris Boggs,Anita M. Boggs|Anita Uada Maris Boggs,https://wfpp.columbia.edu/person/anita-maris-boggs/,https://wfpp.columbia.edu/wp-content/uploads/2020/06/WFP-BOG01-featured-image-e1593186163159.jpg,business partner>business co-founder|distributor,United States,November 14,1888,July 13,1937
1366,Anita Stewart,Anna Marie Stewart|Anna Steward|Mrs. Rudolph Cameron|Mrs. George Converse,https://wfpp.columbia.edu/person/anita-stewart/,https://wfpp.columbia.edu/wp-content/uploads/CCP_Stewart_WFP-STE061.jpg,company director|musician>composer|actress>film actress|writer>novelist|producer|musician>singer,United States,February 7,1895,May 4,1961
13804,Anna Hofman-Uddgren,Anna Maria Hammarström|Anna Hofman|Madame X,https://wfpp.columbia.edu/person/anna-hofman-uddgren/,https://wfpp.columbia.edu/wp-content/uploads/2017/02/WFP2-HOF01-featured-image.jpg,writer>screenwriter>co-screenwriter|exhibitor|actress>film actress|actress>theatre actress|director>theatre director,Sweden,February 23,1868,June 1,1947
6,Anne Bauchens,,https://wfpp.columbia.edu/person/anne-bauchens/,,editor,United States,February 2,1882,May 7,1967
1367,Annette Kellerman,Annette Kellermann|Annette Marie Sarah Kellerman|Mrs. James Sullivan,https://wfpp.columbia.edu/person/annette-kellerman/,https://wfpp.columbia.edu/wp-content/uploads/Kellerman_CCP_FIG168H_WFP-KELA081.jpg,casting director|director>co-director|writer>screenwriter>co-screenwriter|costume designer|actress>film actress|stunt designer|stunt person|actress>theatre actress,Australia|United States,July 6,1887,November 5,1975
1368,Anzia Yezierska,The sweatshop Cinderella,https://wfpp.columbia.edu/person/anzia-yezierska/,https://wfpp.columbia.edu/wp-content/uploads/2012/02/WFP-YEZ01.jpg,writer>screenwriter>co-screenwriter|writer>novelist|writer>source author,United States,,1880,November 22,1970
14793,Asta Nielsen,Asta Nielsen-Gad,https://wfpp.columbia.edu/person/asta-nielsen-2/,https://wfpp.columbia.edu/wp-content/uploads/2017/06/WFP2-NIE05.jpg,actress>film actress|film company owner|producer|actress>theatre actress,Denmark|Germany,September 11,1881,May 24,1972
1705,Aud Egede-Nissen,Mrs. Georg Alexander|Aug Egede-Nissen|Aud Richter|Mrs. Paul Richter,https://wfpp.columbia.edu/person/aud-egede-nissen/,https://wfpp.columbia.edu/wp-content/uploads/2012/01/WFP2-EGE01.jpg,actress>film actress|film company owner|producer|actress>theatre actress,Denmark|Germany|Norway,May 30,1893,November 15,1974
20329,Audrey Forfar Shippam,,https://wfpp.columbia.edu/person/audrey-forfar-shippam/,https://wfpp.columbia.edu/wp-content/uploads/2019/11/WFP-BEST02-featured-image.jpg,camera operator|filmmaker>nonfiction filmmaker|visual artist>photographer,United States,March 24,1883,July 13,1975
1386,Beatrice deMille,Beatrice C. deMille|Agnes Graham|Matilda Beatrice Samuel|Tillie Samuel|Mrs. Henry deMille,https://wfpp.columbia.edu/person/beatrice-demille/,https://wfpp.columbia.edu/wp-content/uploads/DeMille_CCP_FIG123_WFP-DEM011.jpg,agent|writer>screenwriter>co-screenwriter|play broker|writer>playwright|actress>theatre actress|entrepreneur>theatrical entrepreneur,United States,January 30,1853,October 8,1923
12539,Beatrice Maude Tildesley,,https://wfpp.columbia.edu/person/beatrice-maude-tildesley/,https://wfpp.columbia.edu/wp-content/uploads/2016/06/WFP2-TILD01.jpg,critic>film critic|film society co-founder|secretary>film society secretary|international women's organizations film correspondent|writer>journalist|critic>theatre critic,Australia,September 27,1886,January 26,1977
1387,Beatriz Michelena,Beatrize Michelena|Beatrice Michelena|Mrs. George Middleton,https://wfpp.columbia.edu/person/beatriz-michelena/,https://wfpp.columbia.edu/wp-content/uploads/2013/07/WFP-MIC02.jpg,company director|actress>film actress|producer|musician>singer|stunt person,United States,February 22,1890,October 10,1942
15432,Bedia Muvahhit,Bedia Şekip,https://wfpp.columbia.edu/person/bedia-muvahhit/,https://wfpp.columbia.edu/wp-content/uploads/2017/10/WFP2-MUV04-featured-image-e1509375770869.jpg,actress>film actress|actress>theatre actress,Turkey,January 16,1897,January 20,1994
1388,Bertha Muzzy Bower,B. M. Bower|Mrs. Clayton Bower|Bertha Muzzy Sinclair|Mrs. Bertrand W. Sinclair|Bertrand W. Sinclair|B. M. Sinclair|Mrs. Robert Elsworth Cowan,https://wfpp.columbia.edu/person/bertha-muzzy-bower/,https://wfpp.columbia.edu/wp-content/uploads/CCP_Bower_FIGX_WFP-BOW021.jpg,writer>novelist|writer>scenario writer|writer>screenwriter|writer>source author,United States,November 15,1871,July 22,1940
21480,Berthe Thuillier,Marie-Berthe Thuillier|Berthe Thuillier|Mlle B.T.|Berthe Boutier|Veuve Beaupuy,https://wfpp.columbia.edu/person/berthe-thuillier/,,film colorist|visual artist>photographer,France,,1867,,1947
1389,Bess Meredyth,Helen MacGlashan|Mrs. Wilfred Lucas|Mrs. Michael Curtiz,https://wfpp.columbia.edu/person/bess-meredyth/,https://wfpp.columbia.edu/wp-content/uploads/Meredyth_CCP_FIG193_WFP-MER021.jpg,adapter|director>co-director|writer>screenwriter>co-screenwriter|comedienne|continuity|extra|actress>film actress|editor>film cutter|actress>musical comedy actress|writer>novelist|writer>scenario writer|writer>source author|title writer,Australia|United States,February 12,1890,July 13,1969
1390,Bessie Barriscale,Mrs. Howard Hickman|Elizabeth Barry Scale,https://wfpp.columbia.edu/person/bessie-barriscale/,https://wfpp.columbia.edu/wp-content/uploads/Barriscale_CCP_FIG110_WFP-BARR021.jpg,accountant|actress>film actress|film company founding partner|producer|actress>theatre actress,United States,December 8,1885,June 30,1965
1393,Beta Breuil,Beta Breil|Betta Breuil|Botta Breuil|Mrs. Breuil|Mrs. Hartmann Breuil|Beta Brevil|Elizabeth Donner Van der Veer|Mrs. Frank M. Willard,https://wfpp.columbia.edu/person/beta-breuil/,https://wfpp.columbia.edu/wp-content/uploads/2013/08/WFP-BRE01.jpg,editor>scenario editor>chief scenario editor|director|producer|writer>scenario writer,United States,,1876,,
21748,Betty Burbridge,Elizabeth Burbridge,https://wfpp.columbia.edu/person/betty-burbridge/,https://wfpp.columbia.edu/wp-content/uploads/2020/08/WFP-BUR02-1-e1597075627555.jpg,continuity|actress>film actress|writer>source author>original story writer|writer>scenario writer|writer>screenwriter,United States,December 12,1894,September 19,1987
22251,Beulah Livingstone,Beulah Livingstone Frank,https://wfpp.columbia.edu/person/beulah-livingstone/,https://wfpp.columbia.edu/wp-content/uploads/2020/11/WFP-LIV01.jpg,writer>journalist|publicist>motion picture press agent|publicist>motion picture publicity department director|writer>novelist>short story writer|theatrical manager,United States,May 29,1886,January 12,1975
1394,Beulah Marie Dix,Mrs. George H. Flebbe,https://wfpp.columbia.edu/person/beulah-marie-dix/,https://wfpp.columbia.edu/wp-content/uploads/2013/08/Dix_CCP_FIG124_WFP-DIX021-269x300.jpg,adapter|writer>novelist|writer>playwright|writer>screenwriter|title writer,United States,December 25,1876,September 25,1970
13883,Bianca Virginia Camagni,,https://wfpp.columbia.edu/person/bianca-virginia-camagni/,https://wfpp.columbia.edu/wp-content/uploads/2017/02/WFP2-CAM01-e1493400333739.jpg,director|actress>film actress|producer|writer>screenwriter,Italy,July 17,1885,September 8,1960
1399,Blanche MacIntosh,Blanche MacIntosh Hubbard|Blanche Mary MacIntosh|Blanche McIntosh,https://wfpp.columbia.edu/person/blanche-macintosh/,,adapter|reader|writer>scenario writer|writer>screenwriter,Great Britain,July 19,1877,November 18,1954
1323,Blanche Sewell,,https://wfpp.columbia.edu/person/blanche-sewell/,https://wfpp.columbia.edu/wp-content/uploads/2013/07/WFP-SEW01.jpg,editor>film cutter,United States,October 27,1898,February 2,1949
1400,Bradley King,Josephine McLaughlin|Mrs. John Griffith Wray|Bradley King Wray|Mrs. George Hiram Boyd,https://wfpp.columbia.edu/person/bradley-king/,https://wfpp.columbia.edu/wp-content/uploads/King_CCP_FIG169_WFP-KIN021.jpg,writer>playwright|writer>scenario writer|writer>screenwriter|stenographer,United States,July 8,1894,,
1403,Cándida Beltrán Rendón,Candelaria Beltrán Rendón,https://wfpp.columbia.edu/person/candida-beltran-rendon/,https://wfpp.columbia.edu/wp-content/uploads/Latin_America_CCP_FIG257_WFP-REN011.jpg,musician>composer|director|actress>film actress|producer|writer>screenwriter|set designer,Mexico,February 2,1898,,1985
1404,Carmen Cartellieri,Franziska Ottilia Cartellieri|Carmen Teschen|Mrs. Emanuel Ziffer Edler von Teschenbruck|Mrs. Mano Ziffer-Teschenbruck,https://wfpp.columbia.edu/person/carmen-cartellieri/,https://wfpp.columbia.edu/wp-content/uploads/2013/08/WFP2-CART09.jpg,writer>screenwriter>co-screenwriter|actress>film actress|producer|actress>theatre actress,Austria|Germany|Hungary,June 28,1891,October 17,1953
1405,Carmen Santos,Maria do Carmo Santos,https://wfpp.columbia.edu/person/carmen-santos/,https://wfpp.columbia.edu/wp-content/uploads/2013/08/WFP-SANT08.jpg,director|actress>film actress|film company founding partner|producer|writer>screenwriter,Brazil,,1904,September 24,1952
1406,Carmen Toscano,Carmen Toscano Escobedo|Carmen Toscano de Moreno Sánchez|Mrs. Manuel Moreno Sanchez,https://wfpp.columbia.edu/person/carmen-toscano/,,director|filmmaker>documentary maker|editor|writer>playwright|writer>poet|preservationist|producer|writer>screenwriter,Mexico,October 19,1910,January 14,1988
1407,Caroline Frances Pugliese,,https://wfpp.columbia.edu/person/caroline-frances-pugliese/,,cinema proprietor|producer>executive producer|business partner>family business partner>family film business partner|exhibitor>motion picture exhibitor,Australia,February 17,1865,May 4,1940
1408,Caroline Lejeune,C.A. L.|C.A. Lejeune|Mrs. Edward Roffe Thompson,https://wfpp.columbia.edu/person/caroline-lejeune/,,critic>film critic,Great Britain,,1897,,1973
10571,Caroline van Dommelen,Caroline van Lancker-van Dommelen,https://wfpp.columbia.edu/person/caroline-van-dommelen/,https://wfpp.columbia.edu/wp-content/uploads/2014/11/WFP2-DOMM01-e1416410788352.jpg,director>co-director|actress>film actress|writer>journalist|writer>playwright|writer>screenwriter|actress>theatre actress|director>theatre director,The Netherlands,November 9,1874,March 4,1957
14923,Christiane Mendelys,Christiane Wague|Clotilde Marigaux|Christiane Mandelys|Christiane Mendelyes|“Le Rat du Moulin”,https://wfpp.columbia.edu/person/christiane-mendelys/,https://wfpp.columbia.edu/wp-content/uploads/2017/08/WFP2-MEND09-featured-image.jpg,musician>composer|actress>film actress|critic>film critic|pantomime|scenarist|writer>screenwriter|actress>theatre actress,France,December 3,1873,May 18,1957
11135,Cissy Fitzgerald,Marie Kathleen Cecilia Fitzgerald|Mrs. Oliver Mark Tucker|The Girl with the Wink,https://wfpp.columbia.edu/person/cissy-fitzgerald/,https://wfpp.columbia.edu/wp-content/uploads/2014/08/WFP-FITZ01.jpg,dancer|actress>film actress|film company owner|producer|actress>theatre actress,United States,February 1,1873,May 10,1941
1409,Clara Beranger,Clara S. Beranger|Charles S. Beranger|Mrs. William DeMille|Mrs. Albert B. Berwanger,https://wfpp.columbia.edu/person/clara-beranger/,https://wfpp.columbia.edu/wp-content/uploads/How_Women_Worked_Fig40_WFP-BERA011.jpg,adapter|scenarist|writer>screenwriter,United States,January 14,1886,September 10,1956
1411,Clara Kimball Young,,https://wfpp.columbia.edu/person/clara-kimball-young/,https://wfpp.columbia.edu/wp-content/uploads/2011/11/WFP-YOU07.jpg,actress>film actress|producer|actress>theatre actress,United States,September 6,1890,October 15,1960
1418,Clare West,Clair West|Claire West,https://wfpp.columbia.edu/person/clare-west/,https://wfpp.columbia.edu/wp-content/uploads/2011/11/WFP-WES02.jpg,costume designer,United States,January 30,1879,March 13,1961
17726,Cleo de Verberena,Jacyra Martins da Silveira,https://wfpp.columbia.edu/person/cleo-de-verberena/,https://wfpp.columbia.edu/wp-content/uploads/2018/11/WFP-VER06-e1542400402414.jpg,director|actress>film actress|film company founding partner|film company owner,Brazil,June 26,1904,October 6,1972
1420,Cleo Madison,Lulu Bailey|Lulu Peake,https://wfpp.columbia.edu/person/cleo-madison/,https://wfpp.columbia.edu/wp-content/uploads/Madison_CCP_FIGX_WFP-MAD031.jpg,director>co-director|producer>co-producer|writer>screenwriter>co-screenwriter|actress>film actress|actress>theatre actress,United States,March 26,1883,March 11,1964
1421,Constance Talmadge,,https://wfpp.columbia.edu/person/constance-talmadge/,https://wfpp.columbia.edu/wp-content/uploads/2012/08/constance-talmage.jpg,actress>film actress|producer,United States,April 19,1898,November 23,1973
20328,Cora Johnstone Best,,https://wfpp.columbia.edu/person/cora-johnstone-best/,https://wfpp.columbia.edu/wp-content/uploads/2019/11/WFP-BEST02-featured-image.jpg,lecturer,United States,,1878,November 19,1930
1423,Corinne Griffith,Corinne Griffin|Mrs. Walter Morosco|Mrs. Webster Campbell|Mrs. George Marshall|Mrs. Danny Scholl,https://wfpp.columbia.edu/person/corinne-griffith/,https://wfpp.columbia.edu/wp-content/uploads/Griffith_CCP_FIG150B_WFP-GRI051.jpg,company director|musician>composer|actress>film actress|producer|actress>theatre actress|writer,United States,November 21,1894,July 13,1979
1434,Cube Bonifant,Luz Alba|Aura Stella,https://wfpp.columbia.edu/person/cube-bonifant/,https://wfpp.columbia.edu/wp-content/uploads/2012/02/WFP-BON01.jpg,extra|actress>film actress|critic>film critic|writer,Mexico,,1904,,August 1993
10466,Daisy Sylvan,Elena Mazzantini|Mrs. Francesco Rosso,https://wfpp.columbia.edu/person/daisy-sylvan-2/,https://wfpp.columbia.edu/wp-content/uploads/2014/07/02-e1407252228265.jpg,director|actress>film actress|producer,Italy,July 12,1874,May 19,1946
15245,Diana Karenne,Leukadia (or Leucadia) Konstantin|Anna Karènne|Diana Karren,https://wfpp.columbia.edu/person/diana-karenne/,https://wfpp.columbia.edu/wp-content/uploads/2017/09/Diana-Karenne-Featured-Image.jpg,director|extra|actress>film actress|film company owner|producer|writer>screenwriter,France|Germany|Italy,,1888,October 14,1940
1350,Dolores Ehlers,,https://wfpp.columbia.edu/person/dolores-ehlers/,https://wfpp.columbia.edu/wp-content/uploads/2012/02/WFP-ELH01.jpg,camera operator|director|filmmaker>documentary maker|equipment sales|filmmaker>ethnographic filmmaker|government department head|laboratory worker|visual artist>photographer|producer,Mexico|United States,October 17,1896,December 13,1983
4692,Dorothea Baird,Mrs. H.B. Iriving,https://wfpp.columbia.edu/person/dorothea-baird/,https://wfpp.columbia.edu/wp-content/uploads/2013/08/WFP2-BAI03.jpg,actress>film actress|writer>screenwriter|actress>theatre actress,Great Britain,May 20,1875,September 24,1933
20799,Dorothea Donn-Byrne,Dolly Byrne|Dolly Donn-Byrne|Dolly Donn Byrne|Dorothea Cadogan|Dorothea Donn Byrne|Dorothea Mary Cadogan|Dorothea Mary Elizabeth Antonia Cadogan|Dorothea Mary Elizabeth Cadogan Byrne|Dorothy Cadogan|Dorothy Craig|Dorothy Mary Cadogan|Mrs. Donn Byrne.,https://wfpp.columbia.edu/person/dorothea-donn-byrne/,https://wfpp.columbia.edu/wp-content/uploads/2020/01/Dorothea-featured-image.jpg,adapter|writer>source author>original story writer|writer>playwright|actress>theatre actress,Great Britain|Ireland|United States,,1888,,1963
13054,Dorothea Mitchell,“Lady Lumberjack”,https://wfpp.columbia.edu/person/dorothea-mitchell/,https://wfpp.columbia.edu/wp-content/uploads/2016/07/WFP2-MIT03-featured-image.jpg,filmmaker>amateur filmmaker|amateur filmmaking club co-founder|camera operator|director|editor|actress>film actress|film society co-founder|producer|writer>screenwriter|writer>source author|title writer,Canada,June 1,1877,February 2,1976
1435,Dorothy Arzner,,https://wfpp.columbia.edu/person/dorothy-arzner/,https://wfpp.columbia.edu/wp-content/uploads/Arzner_CCP_FIG106_WFP-ARZ141.jpg,director|editor>film cutter|writer>screenwriter,United States,January 3,1897,October 1,1979
1441,Dorothy Davenport Reid,Dorothy Davenport|Mrs. Wallace Reid|Jr.|Dorothy Reid,https://wfpp.columbia.edu/person/dorothy-davenport-reid/,https://wfpp.columbia.edu/wp-content/uploads/2011/11/How_Women_Worked_Fig5_WFP-DAV041-covercrop.jpg,director|actress>film actress|producer|writer>screenwriter,United States,March 13,1895,October 12,1977
1450,Dorothy Farnum,Mrs. Maurice Barber,https://wfpp.columbia.edu/person/dorothy-farnum/,https://wfpp.columbia.edu/wp-content/uploads/CCP_Farnum_FIG134B_WFP-FARN011-e1322805644298.jpg,adapter|actress>film actress|writer>scenario writer|writer>screenwriter,Great Britain|France|United States,June 10,1896,,January 1970
1453,Dorothy Gordon,Andrea Dorothy Gordon Jenner|Andrea,https://wfpp.columbia.edu/person/dorothy-gordon/,https://wfpp.columbia.edu/wp-content/uploads/2012/02/WFP-GOR06portrait.jpg,art director|chorus girl|writer>screenwriter>co-screenwriter|dressmaker|extra|actress>film actress|production assistant|reader|stunt person,Australia|United States,March 1,1891,March 24,1985
1454,Dorothy Yost,Mrs. Dwight Cummings,https://wfpp.columbia.edu/person/dorothy-yost/,https://wfpp.columbia.edu/wp-content/uploads/2011/11/WFP-YOS011.jpg,adapter|writer>novelist|reader|writer>scenario writer|writer>screenwriter|secretary|title writer,United States,April 25,1899,June 10,1967
1457,Dot Farley,Dorothea Farley|Dorothy Farley,https://wfpp.columbia.edu/person/dot-farley/,https://wfpp.columbia.edu/wp-content/uploads/2011/11/WFP-FAR01.jpg,director|actress>film actress|actress>musical comedy actress|writer>scenario writer|writer>screenwriter,United States,February 6,1881,May 2,1971
1110,Drusilla Dunjee Houston,,https://wfpp.columbia.edu/person/drusilla-dunjee-houston/,,writer>journalist|musician|writer>screenwriter,United States,January 20,1876,February 8,1941
1458,Elena Sánchez Valenzuela,,https://wfpp.columbia.edu/person/elena-sanchez-valenzuela/,https://wfpp.columbia.edu/wp-content/uploads/CCP_FIG259_Sanchez_WFP-SANC011.jpg,director|filmmaker>documentary maker|actress>film actress|critic>film critic|writer>journalist|preservationist,Mexico,,1900,,1950
14097,Eliane Tayar,,https://wfpp.columbia.edu/person/eliane-tayar/,https://wfpp.columbia.edu/wp-content/uploads/2017/04/WFP2-TAY01.jpg,director>assistant director|director>co-director|filmmaker>documentary maker|extra|actress>film actress|critic>film critic|writer>journalist|writer>screenwriter,France,July 18,1904,September 6,1986
1459,Elinor Glyn,Elinor Sutherland|Madame Glyn,https://wfpp.columbia.edu/person/elinor-glyn/,https://wfpp.columbia.edu/wp-content/uploads/Glyn_CCP_FIG141_WFP-GLY021.jpg,adapter|consultant|director|extra|film company owner|writer>journalist|writer>novelist|producer|production supervisor|writer>screenwriter|writer>source author,Great Britain|United States,October 17,1864,September 23,1943
21479,Élisabeth Thuillier,Élisabeth Aléné|Veuve Thuillier,https://wfpp.columbia.edu/person/elisabeth-thuillier/,,film colorist,France,,1841,July 7,1907 (or 1904)
1466,Elizabeth B. Grimball,,https://wfpp.columbia.edu/person/elizabeth-b-grimball/,https://wfpp.columbia.edu/wp-content/uploads/Grimball_CCP_FIG153_WFP-GRIM011.jpg,writer>playwright|producer|writer>scenario writer|actress>theatre actress|director>theatre director|entrepreneur>theatrical entrepreneur,United States,August 30,1875,,1953
1468,Elizabeth Chevalier Pickett,Elizabeth Chevalier,https://wfpp.columbia.edu/person/elizabeth-chevalier-pickett/,https://wfpp.columbia.edu/wp-content/uploads/Pickett_ccp_figx_WFP-PICK011.jpg,director|filmmaker>documentary maker|writer>novelist|writer>screenwriter,United States,March 25,1896,January 3,1984
14897,Elizabeth McGaffey,Bessie McGaffey|E.B. McGaffey,https://wfpp.columbia.edu/person/elizabeth-mcgaffey/,https://wfpp.columbia.edu/wp-content/uploads/2017/08/WFP-MCG01.jpg,head of studio research department|writer>journalist|play reader|researcher|writer>screenwriter|script reader|studio librarian|actress>theatre actress,United States,January 17,1875,March 13,1944
21098,Elizaveta Svilova,Elizaveta Schnitt|Elizaveta Vertova-Svilova|Yelizaveta Ignatevna Svilova|Yelizaveta Svilova,https://wfpp.columbia.edu/person/elizaveta-svilova/,https://wfpp.columbia.edu/wp-content/uploads/2020/02/Svilova-Editing-MWAMC-frame-grab.jpeg,preservationist>archivist|director>assistant director|director>co-director|editor,Russia and former Soviet Union,September 5,1900,November 11,1975
12602,Ellen O’Mara Sullivan,Ellen O’Mara|Nell O’Mara|Ellen O’Mara Sullivan|Nell O’Mara Sullivan|Nell Sullivan|Mrs. E. Sullivan,https://wfpp.columbia.edu/person/ellen-omara-sullivan/,https://wfpp.columbia.edu/wp-content/uploads/2016/05/WFP2-OMARA01.jpg,company director>company co-director|distributor|film company founding partner|film company owner|producer,Ireland|United States,June 6,1882,May 17,1919
4,Eloyce King Patrick Gist,,https://wfpp.columbia.edu/person/eloyce-king-patrick-gist/,,director>co-director|producer>co-producer|writer>screenwriter>co-screenwriter|editor,United States,October 21,1892,,1974
10776,Elsa Chauvel,Elsie May Wilcox|Elsa Silveni/Sylvaney|Ann Wynn,https://wfpp.columbia.edu/person/elsa-chauvel/,https://wfpp.columbia.edu/wp-content/uploads/2015/07/WFP-CHAU02.jpg,director>assistant director|producer>assistant producer|writer>screenwriter>co-screenwriter|continuity|costume designer|dialogue director|actress>film actress|make-up supervisor|production assistant|stunt person|actress>theatre actress,Australia|United States,February 10,1898,August  22,1983
1470,Elsie Jane Wilson,Mrs. Rupert Julian,https://wfpp.columbia.edu/person/elsie-jane-wilson/,,director|actress>film actress|writer>screenwriter,United States,November 7,1890,January 16,1965
12268,Elvira Giallanella,,https://wfpp.columbia.edu/person/elvira-giallanella/,https://wfpp.columbia.edu/wp-content/uploads/2015/06/WFP2-GIA01.jpg,director|distributor|film company owner|producer|writer>screenwriter,Italy,July 10,1885,September 15,1965
1472,Elvira Notari,Elvira Coda Notari|The General,https://wfpp.columbia.edu/person/elvira-notari/,https://wfpp.columbia.edu/wp-content/uploads/2011/12/WFP2-NOT02featured.jpg,educator>acting teacher|adapter|director>co-director|distributor|actress>film actress|film company owner|producer|writer>screenwriter,Italy,February 10,1875,December 17,1946
9728,Emilia Saleny,Josefina Emilia Saleny|Emilia Saleny Ferrari,https://wfpp.columbia.edu/person/emilia-saleny-2/,https://wfpp.columbia.edu/wp-content/uploads/2013/12/WFP-SAL01-e1391529109275.jpg,educator>acting teacher|director|actress>film actress|actress>theatre actress,Argentina,June 26 or October 16?,1894,August 22,1978
17864,Emilie Sannom,Mille|Emilie Kristine Valborg Sannom,https://wfpp.columbia.edu/person/emilie-sannom/,https://wfpp.columbia.edu/wp-content/uploads/2018/11/WFP2-SANN07-e1544821231224.jpg,actress>film actress|writer>screenwriter|stunt designer|stunt person|actress>theatre actress,Denmark|Germany|Italy,September 29,1886,August 30,1931
11709,Emma Gendron,Manon|Mrs. Allan Robert Green,https://wfpp.columbia.edu/person/emma-gendron/,,writer>journalist|writer>playwright|writer>screenwriter,Canada,,1895,,1953
9897,Encarnacion Rosa Scott,Mrs. Walter Comrie Scott,https://wfpp.columbia.edu/person/encarnacion-rosa-scott/,,distributor>distribution company founder|distributor>distribution company managing director|film company shareholder|distributor>film dealer|film printing company managing director|distributor>film renter,Great Britain,,1887,December 4,1953
1474,Enid Lorimer,Enid Bosworth Nunn|Mrs. Wentworth Zerffi,https://wfpp.columbia.edu/person/enid-lorimer/,,business partner>business co-owner|writer>screenwriter>co-screenwriter|scenarist|actress>theatre actress|entrepreneur>theatrical entrepreneur|title writer,Great Britain,December 27,1887,July 15,1982
1476,Esfir Shub,Eshter Il'inichna Shub,https://wfpp.columbia.edu/person/esfir-shub/,https://wfpp.columbia.edu/wp-content/uploads/2011/11/WFP2-SHU02.jpg,director|filmmaker>documentary maker|editor|writer>screenwriter,Russia and former Soviet Union,March 16,1894,September 21,1959
1114,Eslanda Robeson,Eslanda Cardozo Goode Robeson,https://wfpp.columbia.edu/person/eslanda-robeson/,https://wfpp.columbia.edu/wp-content/uploads/African_American_Women_in_the_Silent_Film_Industry_WFP-ROB031.jpg,actress>film actress|agent>talent manager|writer,United States,December 15,1896,,1965
11357,Esterina Zuccarone,,https://wfpp.columbia.edu/person/esterina-zuccarone/,,editor|forewoman|laboratory worker|metalworker|seamstress|technician,Italy,July 7,1904,September 24,1998
10420,Esther Eng,Ng Kam Ha 伍錦霞,https://wfpp.columbia.edu/person/esther-eng/,https://wfpp.columbia.edu/wp-content/uploads/2014/07/WFP2-ENG07.jpg,director>co-director|distributor|producer|writer>screenwriter,China|United States,September 24,1914,January 25,1970
1478,Ethel Grandin,Mrs. Ray Smallwood,https://wfpp.columbia.edu/person/ethel-grandin/,https://wfpp.columbia.edu/wp-content/uploads/2011/11/WFP-GRAN03.jpg,actress>film actress|film company founding partner|producer|actress>theatre actress,United States,March 3,1894,September 7,1988
1480,Eugenie Magnus Ingleton,Anne Eugenie Magnus|Eugenie Leonard|Mrs. Fred W. Leonard|E. M. Ingleton|E. Magnus Ingleton|Mrs. Eugenie Ingleton,https://wfpp.columbia.edu/person/eugenie-magnus-ingleton/,https://wfpp.columbia.edu/wp-content/uploads/2020/01/Eugenie_Magnus_Ingleton_1915.jpg,adapter|director|producer|editor>scenario editor|writer>scenario writer|writer>screenwriter|actress>theatre actress,United States,April 24,1874,August 3,1936
21695,Eva Nil,Eva Comello,https://wfpp.columbia.edu/person/eva-nil/,https://wfpp.columbia.edu/wp-content/uploads/2020/07/WFP2-NIL01-scaled.jpg,actress>film actress|film company owner|producer,Brazil,June 25,1909,August 15,1990
1481,Eve Unsell,Mrs. Lester Blankfield|Oliver W. Geoffreys|E. M. Unsell,https://wfpp.columbia.edu/person/eve-unsell/,https://wfpp.columbia.edu/wp-content/uploads/2012/02/WFP-UNS01.jpg,adapter|company director|continuity|editor|play reader|writer>scenario writer|writer>screenwriter|actress>theatre actress,United States,December 6,1887,July 6,1937
11906,Fabienne Fabrèges,,https://wfpp.columbia.edu/person/fabienne-fabreges/,https://wfpp.columbia.edu/wp-content/uploads/2014/09/WFP2-FAB02.jpg,director|actress>film actress|writer>screenwriter|actress>theatre actress,France|Italy,,,,
14312,Fan Xuepeng,范雪朋|姚雄飛,https://wfpp.columbia.edu/person/fan-xuepeng/,https://wfpp.columbia.edu/wp-content/uploads/2017/05/WFP2-FAN04-featured-e1494880549630.jpg,actress>film actress|film company owner|producer|recording engineer|special effects designer|actress>theatre actress,China|China,,1908,,1974
10702,Fanchon Royer,Mrs. Ray Cannon|Mrs. Jack Gallagher,https://wfpp.columbia.edu/person/fanchon-royer-2/,https://wfpp.columbia.edu/wp-content/uploads/2014/11/WFP-ROY04.jpg,extra|critic>film critic|writer>journalist>magazine editor>film magazine editor|producer|publicist|agent>talent agent,United States,January 21,1902,December 13,1981
1483,Fay Tincher,,https://wfpp.columbia.edu/person/fay-tincher/,https://wfpp.columbia.edu/wp-content/uploads/Tincher_CCP_FIG235_WFP-TIN011.jpg,comedienne|director|actress>film actress|film company owner|producer|writer>screenwriter|actress>theatre actress,United States,April 17,1884,October 11,1983
10414,Fernanda Nissen,,https://wfpp.columbia.edu/person/fernanda-nissen/,,censor>film censor|writer>journalist|critic>theatre critic,Norway,August 15,1862,April 3,1920
1490,Flora Finch,,https://wfpp.columbia.edu/person/flora-finch/,https://wfpp.columbia.edu/wp-content/uploads/Finch_CPP_FIG135_WFP-FIN011-e1380208109660.jpg,comedienne|actress>film actress|film company owner|producer|actress>theatre actress,United States,June 17,1869,January 4,1940
1493,Florence Lawrence,Florence Annie Bridgwood|“Flo” Lawrence|“The Biograph Girl|Mrs. Harry Solter|Mrs. Charles Woodring|Mrs. Henry Bolton.,https://wfpp.columbia.edu/person/florence-lawrence/,https://wfpp.columbia.edu/wp-content/uploads/Lawrence_CCP_FIG172_WFP-LAW011.jpg,actress>film actress|producer|actress>theatre actress,United States,January 2,1886,December 27,1938
1497,Florence Turner,The Vitagraph Girl,https://wfpp.columbia.edu/person/florence-turner/,https://wfpp.columbia.edu/wp-content/uploads/Turner_CCP_FIG239_WFP-TURNE011.jpg,accountant|director|actress>film actress|film company owner|music hall performer|producer|writer>screenwriter|costume designer>wardrobe mistress,Great Britain|United States,January 6,1887,August 28,1946
17185,Frances Baker Farrell,Frances Baker|Frances Farrell|Frances Trench|Frances C. Trench|Frances Cautley Baker,https://wfpp.columbia.edu/person/frances-baker-farrell/,https://wfpp.columbia.edu/wp-content/uploads/2018/11/WFP2-FARR01.jpg,location scout|set designer|weaver,Ireland,October,1902,,1982
1499,Frances Marion,Frank M. Clifton (pseudonym used 1925–1928)|Francis Marion|Frances Marion Owen(s)|Marion Benson Owens|Marion Frances Owens,https://wfpp.columbia.edu/person/frances-marion/,https://wfpp.columbia.edu/wp-content/uploads/Marion_CCP_FIGX_WFP-MAR011.jpg,adapter|director>co-director|actress>film actress|writer>scenario writer|writer>screenwriter,United States,November 18,1888,May 12,1973
1506,Frances Taylor Patterson,,https://wfpp.columbia.edu/person/frances-taylor-patterson/,https://wfpp.columbia.edu/wp-content/uploads/2014/01/WFP-PAT01-e1389386006601.jpg,scholar>film scholar|writer>screenwriter,United States,,,,
16476,Francesca Bertini,Elena Seracini Vitiello|Elena Taddei Vitiello,https://wfpp.columbia.edu/person/francesca-bertini/,https://wfpp.columbia.edu/wp-content/uploads/2014/07/Bertini7.jpg,director|actress>film actress|producer|writer>screenwriter|actress>theatre actress,Italy,January 5,1892,October 13,1985
1507,Frederica Sagor Maas,Frederica Maas|Frederica Sagor|Frederica Alexandrina Sagor,https://wfpp.columbia.edu/person/frederica-sagor-maas/,https://wfpp.columbia.edu/wp-content/uploads/2012/02/WFP-MAA01.jpg,editor>scenario editor|writer>screenwriter,United States,July 6,1900,January 5,2012
1509,Gabriela von Bussenius Vega,The first Chilean female filmmaker|Mrs. Salvador Giambastiani|Gaby von Bussenius Vega,https://wfpp.columbia.edu/person/gaby-von-bussenius-vega/,https://wfpp.columbia.edu/wp-content/uploads/CCP_FIG263_Vega_WFP-VEG011.jpg,art director|critic>film critic|writer>journalist|writer>novelist|writer>playwright|producer|writer>screenwriter|writer>source author|director>theatre director,Chile,,1901,January 28,1975
1511,Gale Henry,The Elongated Comedienne,https://wfpp.columbia.edu/person/gale-henry/,https://wfpp.columbia.edu/wp-content/uploads/Henry_CCP_FIG159A_WFP-HEN051.jpg,actress>film actress|producer|writer>scenario writer|actress>theatre actress,United States,April 15,1893,June 6,1972
21928,Gemma Bellincioni,Gemma Stagno-Bellincioni,https://wfpp.columbia.edu/person/gemma-bellincioni/,https://wfpp.columbia.edu/wp-content/uploads/2020/09/WFP2-BELL01.jpg,director|actress>film actress|musician>singer>opera singer|producer|writer>screenwriter,Italy,August 18,1864,April 24,1950
1519,Gene Gauntier,Mrs. Jack Clark|Genevieve G. Liggett|The first “Kalem Girl”,https://wfpp.columbia.edu/person/gene-gauntier/,https://wfpp.columbia.edu/wp-content/uploads/Gauntier_CPP_FIG137_WFP-GAU011.jpg,director>co-director|company director>company co-director|actress>film actress|producer|writer>scenario writer|writer>screenwriter|writer>source author,United States,May 17,1885,December 18,1966
12350,Georgette Méliès,Mademoiselle Méliès|Madame Méliès-Fix|Georgette Fontaine,https://wfpp.columbia.edu/person/georgette-melies/,https://wfpp.columbia.edu/wp-content/uploads/2016/10/WFP2-MELI01.jpg,camera operator|actress>film actress|projectionist|manager>theatre manager,France,March 22,1888,August 29,1930
1370,Gerd Egede-Nissen,,https://wfpp.columbia.edu/person/gerd-egede-nissen/,,actress>film actress,Denmark|Germany|Norway,,1895,,1988
12583,Gerda Hintze,Gerda Amanda Hintze,https://wfpp.columbia.edu/person/gerda-hintze/,https://wfpp.columbia.edu/wp-content/uploads/2016/05/WFP2-HIN01-featured-image-e1463064465753.jpg,writer>screenwriter,Finland,February 24,1905,February 22,1977
1523,Gertrude Atherton,Gertrude Franklin Horn Atherton,https://wfpp.columbia.edu/person/gertrude-atherton/,https://wfpp.columbia.edu/wp-content/uploads/2011/11/WFP-ATH01.jpg,writer>novelist|writer>screenwriter|writer>source author,United States,January 14,1858,,1948
1524,Gertrude Homan Thanhouser,,https://wfpp.columbia.edu/person/gertrude-homan-thanhouser/,https://wfpp.columbia.edu/wp-content/uploads/2011/11/WFP-THA02.jpg,editor|executive|producer>executive producer|actress>film actress|film company founding partner|writer>screenwriter|secretary,United States,April 23,1882,May 29,1951
18173,Giulia Cassini-Rizzotto,,https://wfpp.columbia.edu/person/giulia-cassini-rizzotto/,https://wfpp.columbia.edu/wp-content/uploads/2019/05/WFP2-RIZ03.jpg,educator>acting teacher|director|actress>film actress|producer|writer>screenwriter|actress>theatre actress,Italy,June 15,1865,August 24,1943
12759,Gladys Hall,Elizabeth Ball|Gladys Ball|Janet Reid|Faith Service|Russell E. Smith,https://wfpp.columbia.edu/person/gladys-hall/,https://wfpp.columbia.edu/wp-content/uploads/2016/05/WFP-HALL01.jpg,writer>journalist>celebrity interviewer|writer>journalist>magazine editor>fan magazine editor|writer>journalist>fan magazine writer,United States,April 26,1891,September 18,1977
1525,Gladys Rosson,Gladys Rossen,https://wfpp.columbia.edu/person/gladys-rosson/,https://wfpp.columbia.edu/wp-content/uploads/2012/02/WFP-ROS01.jpg,accountant|secretary>executive secretary|secretary-treasurer|typist,United States,Februrary 6,1891,June 14,1953
1526,Gloria Swanson,Gloria May Josephine Svensson|Gloria Mae Swanson|Josephine Swenson|Mrs. Herbert Somborn|Mrs. Henri the Marquis de la Falaise de la Coudraye,https://wfpp.columbia.edu/person/gloria-swanson/,https://wfpp.columbia.edu/wp-content/uploads/Swanson_CCP_FIG226_WFP-SWA041.jpg,actress>film actress|producer,United States,March 27,1899,April 4,1983
1527,Grace Cunard,Harrier Milfred Jeffries|Mrs. Jack Shannon|The Master Pen,https://wfpp.columbia.edu/person/grace-cunard/,https://wfpp.columbia.edu/wp-content/uploads/Cunard_FIG116_WFP-CUN011.jpg,director>co-director|actress>film actress|writer>screenwriter,United States,April 8,1893,January 19,1967
14266,Greta Håkansson,,https://wfpp.columbia.edu/person/greta-hakansson/,https://wfpp.columbia.edu/wp-content/uploads/2016/12/WFP2-HAK01.jpg,musician>conductor|musician>film accompanist,Sweden,,1890,,1961
1528,Gurly Drangsholt,Gurly Anker-Holth|Mrs. Hamilton Murray,https://wfpp.columbia.edu/person/gurly-drangsholt/,https://wfpp.columbia.edu/wp-content/uploads/2013/09/WFP2-DRA01-covercrop2.png,director>assistant director|writer>screenwriter>co-screenwriter|head of production,Norway,May 23,1890,March 8,1960
1529,Gwladys: Marchioness of Townshend,G.E.G.E. Townshend of Raynham|The Marchioness of Townshend of Raynham|Gwladys Ethel Gwendolen Eugénie Sutherst|Gladys Ethyl Gwendolen Eugenia Sutherst Townshend,https://wfpp.columbia.edu/person/gwladys-marchioness-of-townshend/,https://wfpp.columbia.edu/wp-content/uploads/2012/02/WFP2-TOW2Dcovercrop.jpg,writer>novelist|writer>playwright|writer>scenario writer|writer>screenwriter,Great Britain,,1884,October 10,1959
14908,Harriet Bloch,Harriet Fussing,https://wfpp.columbia.edu/person/harriet-bloch/,https://wfpp.columbia.edu/wp-content/uploads/2017/06/WFP2-BLO01.jpg,writer>screenwriter,Denmark|Germany|Sweden,July 26,1881,April 1,1975
1564,Harriet Parsons,,https://wfpp.columbia.edu/person/harriet-parsons/,,director|actress>film actress|writer>journalist|producer,United States,August 23,1906,January 2,1983
13509,Haydée Chikly,Haydée Tamzali|Haydée Chikli,https://wfpp.columbia.edu/person/haydee-chikly/,https://wfpp.columbia.edu/wp-content/uploads/2014/12/WFP2-CHIK01.jpg,actress>film actress|film colorist|editor>film cutter|writer>journalist|writer>screenwriter,Tunisia,August 23,1906,,August 1998
15770,Hazel Burnett,Hazel Wooden Manzor Burnett Megaw,https://wfpp.columbia.edu/person/hazel-burnett/,https://wfpp.columbia.edu/wp-content/uploads/2018/01/WFP-BURNE01-featured-image.jpg,musician>film accompanist,United States,September 12,1892,June 10,1973
1531,Helen Gardner,,https://wfpp.columbia.edu/person/helen-gardner/,https://wfpp.columbia.edu/wp-content/uploads/Gardner_CPP_FIG136_WFP-GAR011.jpg,director|actress>film actress|film company owner|producer|writer>scenario writer,United States,September 2,1884,November 20,1968
1532,Helen Holmes,Mrs. J.P. McGowan|Mrs. Lloyd Saunders,https://wfpp.columbia.edu/person/helen-holmes/,https://wfpp.columbia.edu/wp-content/uploads/Holmes_CCP_FIG161B_WFP-HOL011.jpg,animal trainer|producer>co-producer|director|actress>film actress|writer>screenwriter|stunt person,United States,July 7,1892,July 9,1950
1533,Helen Keller,Helen Adams Keller,https://wfpp.columbia.edu/person/helen-keller/,https://wfpp.columbia.edu/wp-content/uploads/CCP_FIG167C_KELLER_WFP-KELH011.jpg,actress>film actress|producer|writer,United States,June 27,1880,June 1,1968
15129,Helen Wang,Wang Hanlun/王漢倫|Peng Jianqing/彭劍青,https://wfpp.columbia.edu/person/helen-wang/,https://wfpp.columbia.edu/wp-content/uploads/2015/07/WFP2-WANGH02-e1505159308347.jpg,director>co-director|distributor|editor|actress>film actress|producer,China,,1903,,1978
16002,Helena Cortesina,Elena Cortesina|Elena Manuela Dolores Cortés Altabas,https://wfpp.columbia.edu/person/helena-cortesina/,https://wfpp.columbia.edu/wp-content/uploads/2017/10/WFP2-CORT01.jpg,director|actress>film actress|film company owner|producer|actress>theatre actress|entrepreneur>theatrical entrepreneur,Spain,July 17,1903,March 7,1984
18472,Helena Smith Dayton,Helena Smith|Helena Smith-Dayton,https://wfpp.columbia.edu/person/helena-smith-dayton/,https://wfpp.columbia.edu/wp-content/uploads/2019/07/WFP-DAY01-copy.jpg,animator|director|writer>journalist|painter|producer|visual artist>sculptor,United States,,1883,February 22,1960
1534,Henderina Victoria Scott,Henderina (Rina) Victoria Klaassen|Mrs. D. H. Scott|Rina Scott,https://wfpp.columbia.edu/person/henderina-victoria-scott/,,cinematographer>experimental cinematographer,Great Britain,July 18,1862,January 18,1929
1535,Hettie Gray Baker,Hattie Gray Baker|Hatty Gray Baker|Hettie Grey Baker|Hetty Gray Baker,https://wfpp.columbia.edu/person/hettie-gray-baker/,https://wfpp.columbia.edu/wp-content/uploads/2011/12/WFP-BAK01.jpg,censor>censorship representative|actress>film actress|production editor|editor>scenario editor|writer>scenario writer|writer>screenwriter|title writer,United States,July 12,1881,November 14,1957
1536,Hope Loring,Mrs. Louis “Buddy” Lighton,https://wfpp.columbia.edu/person/hope-loring/,https://wfpp.columbia.edu/wp-content/uploads/2013/08/WFP-LOR03.jpg,extra|actress>film actress|writer>scenario writer|writer>screenwriter|critic>theatre critic,United States,January 29,1894,,1959
1537,Ida Jenbach,Ida Jakobovits,https://wfpp.columbia.edu/person/ida-jenbach/,,adapter|director|dramaturge|guild co-founder|writer>journalist|writer>screenwriter|actress>theatre actress,Austria|Germany,June 4 or 16,1868,,1941-1943?
1538,Ida May Park,Mrs. Joseph De Grasse,https://wfpp.columbia.edu/person/ida-may-park/,,director>co-director|editor|writer>screenwriter,United States,December 28,1879,June 13,1954
10,Irene Morra,,https://wfpp.columbia.edu/person/irene-morra/,,editor>film cutter,United States,July 31,1893,November 25,1978
11517,Iris Barry,,https://wfpp.columbia.edu/person/iris-barry/,https://wfpp.columbia.edu/wp-content/uploads/2015/10/WFP-BARRY02-featured-image.jpg,critic>film critic|film curator|writer>journalist|preservationist,Great Britain|United States,March 28,1895,December 22,1969
14299,Isabel Acuña,Isabel de Nepomuceno|Doña Isabel,https://wfpp.columbia.edu/person/isabel-acuna/,https://wfpp.columbia.edu/wp-content/uploads/2017/05/WFP2-ACU01.jpg,art director|casting director|costume designer|treasurer>film company treasurer|film company vice president|make-up supervisor|producer|production assistant|set decorator,The Philippines,January 28,1904,September 15,1986
1620,Isabel McDonagh,Marie Lorraine,https://wfpp.columbia.edu/person/isabel-mcdonagh/,https://wfpp.columbia.edu/wp-content/uploads/2012/08/isabell-mcdonagh.jpg,business partner>family business partner>family film business partner|actress>film actress|actress>theatre actress,Australia|Great Britain,January 3,1899,March 5,1982
1539,Jackeydawra Melford,Mrs. Wallace Colgate|Alice Bradshaw Jackeydora Melford,https://wfpp.columbia.edu/person/jackeydawra-melford/,https://wfpp.columbia.edu/wp-content/uploads/2016/11/WFP2-MELF01.jpg,director|actress>film actress|producer|actress>theatre actress,Great Britain,November 16,1888,December 12,1984
9,Jane Loring,,https://wfpp.columbia.edu/person/jane-loring/,https://wfpp.columbia.edu/wp-content/uploads/Cutting_Women_WFP-LORI021.jpg,director>assistant director|editor>film cutter,United States,June 6,1890,March 15,1983
1540,Jane Murfin,Allan Langdon Martin|Jane Macklem|Mrs. James Murfin|Mrs. Donald Crisp.,https://wfpp.columbia.edu/person/jane-murfin/,https://wfpp.columbia.edu/wp-content/uploads/Murfin_CCP_FIG198_WFP-MURF011.jpg,animal trainer|director>co-director|producer>co-producer|guild co-founder|writer>playwright|writer>screenwriter|writer>source author,United States,October 27,1884,August 10,1955
1541,Jeanie Macpherson,Jeanie MacPherson|Jeannie MacPherson,https://wfpp.columbia.edu/person/jeanie-macpherson/,https://wfpp.columbia.edu/wp-content/uploads/CCP_FIG9_Macpherson_WFP-MAC031.jpg,director|actress>film actress|writer>screenwriter,United States,May 18,1888,August 26,1946
1542,Jenny Gilbertson,Jenny Brown|Jenny Brown Gilbertson,https://wfpp.columbia.edu/person/jenny-gilbertson/,https://wfpp.columbia.edu/wp-content/uploads/2012/02/WFP2-GIL01.jpg,cinematographer|director|filmmaker>documentary maker|editor|producer|writer>screenwriter,Canada|Great Britain,October 28,1902,January 8,1990
10807,Jenny Strömberg,Johanna Strömberg|Johanna Charlotta Erling,https://wfpp.columbia.edu/person/jenny-stromberg/,,society matron,Finland,June 12,1858,,
1543,Jessica Elvira Borthwick,Jessie Borthwick|Nell Foy,https://wfpp.columbia.edu/person/jessica-elvira-borthwick/,https://wfpp.columbia.edu/wp-content/uploads/2013/09/WFP2-BORT03-featured-image-e1510932477927.jpg,lecturer|cinematographer>war cinematographer|visual artist>photographer>war photographer,Great Britain,,1888,,1946
774,Josephine Clement,Mrs. Edward Clement,https://wfpp.columbia.edu/person/josephine-clement/,,manager|exhibitor>motion picture exhibitor,United States,,,,
1544,Josephine Lovett,Mrs. John  S. Robertson,https://wfpp.columbia.edu/person/josephine-lovett/,https://wfpp.columbia.edu/wp-content/uploads/CCP_FIG182_LOVETT_WFP-LOV011.jpg,adapter|actress>film actress|writer>scenario writer|writer>screenwriter|actress>theatre actress,United States,October 21,1877,September 17,1958
1545,Josephine Rector,Mrs. Hal Angus|Josephine Pickel,https://wfpp.columbia.edu/person/josephine-rector/,https://wfpp.columbia.edu/wp-content/uploads/2013/08/WFP-REC01.jpg,writer>scenario writer>chief scenario writer|actress>film actress|editor>scenario editor|writer>screenwriter,United States,September 25,1885,October 1,1958
1547,Julia Crawford Ivers,J. C. Ivers|Julia Ivers|Lady of the Shadows,https://wfpp.columbia.edu/person/julia-crawford-ivers/,https://wfpp.columbia.edu/wp-content/uploads/Ivers_CCP_FIG163_WFP-IVE011.jpg,director>co-director|writer>screenwriter>co-screenwriter|editor>film cutter|producer|production supervisor|writer>scenario writer,United States,October 3,1867,May 9,1930
1548,Juliet Barrett Rublee,,https://wfpp.columbia.edu/person/juliet-barrett-rublee/,https://wfpp.columbia.edu/wp-content/uploads/Rublee_CCP_FIG217A_WFP-RUB011.jpg,director>assistant director|producer|writer>screenwriter,Mexico|United States,March 2,1875,May 17,1966
1549,June Mathis,Mrs. Sylvano Balboni,https://wfpp.columbia.edu/person/june-mathis/,https://wfpp.columbia.edu/wp-content/uploads/Mathis_CCP_FIG192_WFP-MAT041.jpg,adapter|writer>screenwriter>co-screenwriter|director|editor|producer>executive producer|production supervisor,United States,January,1887,July 26,1927
1550,Kate Corbaley,Kate Hinckley|Katherine Hinckley,https://wfpp.columbia.edu/person/kate-corbaley/,https://wfpp.columbia.edu/wp-content/uploads/2013/08/Corbaley_CCP_FIGXWFP-COR011-204x300.jpg,reader|editor>scenario editor|writer>screenwriter|writer>source author,United States,,1879,September 23,1938
1551,Kate Howarde,Catherine Clarissa Black|Catherine Clarissa Jones|Mrs. William Henry de Saxe,https://wfpp.columbia.edu/person/kate-howarde/,https://wfpp.columbia.edu/wp-content/uploads/2012/02/WFP2-HOWA01.jpg,director>co-director|writer>screenwriter>co-screenwriter|actress>film actress|actress>musical comedy actress|writer>playwright|producer|actress>theatre actress|critic>theatre critic|director>theatre director|entrepreneur>theatrical entrepreneur,Australia|New Zealand|United States,July 28,1864,February 18,1939
1552,Katharine Hilliker,Katharine Clark|Katharine Clark Caldwell|Katharine C. Prosser,https://wfpp.columbia.edu/person/katharine-hilliker/,https://wfpp.columbia.edu/wp-content/uploads/2012/02/WFP-HIL01.jpg,writer>journalist|personal assistant|writer>playwright|production editor|editor>scenario editor|title writer,United States,April 25,1885,December 6,1965
17058,Kathleen Romoli,Kathleen Martin|Kathleen Whitnack|Kathleen Avery,https://wfpp.columbia.edu/person/kathleen-romoli/,https://wfpp.columbia.edu/wp-content/uploads/2013/08/WFP-ROM01.jpg,anthropologist|filmmaker>ethnographic filmmaker|scholar>historian|filmmaker>travelogue filmmaker|writer,Colombia,December 5,1897,,1979
1553,Kathlyn Williams,Kathleen Williams,https://wfpp.columbia.edu/person/kathlyn-williams/,https://wfpp.columbia.edu/wp-content/uploads/Williams_CCP_FIG245_WFP-WIL011.jpg,director|actress>film actress|writer>screenwriter,United States,May 31,1888,September 24,1960
14166,Katri Viita,Karin Elisabet Viitainoja|Karin Elisabet Kaarna|Kaarina Kaarna|Kaarina Koskenvoima|Tuulikki Kallio|Kleopatra|Kaisu Vaara|Irja Vuosalo,https://wfpp.columbia.edu/person/katri-viita/,https://wfpp.columbia.edu/wp-content/uploads/2016/05/WFP2-VII01.jpg,writer>screenwriter>co-screenwriter|film company board member|writer>source author,Finland,October 20,1898,February 7,1972
16525,Kinuyo Tanaka,田中絹代  (Tanaka Kinuyo),https://wfpp.columbia.edu/person/kinuyo-tanaka/,https://wfpp.columbia.edu/wp-content/uploads/2018/03/WFP2-TAN06.jpg,director|actress>film actress,Japan,November 29,1909,March 21,1977
1555,Laura Bayley,Laura Eugenia Bayley|L.E.S|Laura Eugenia Smith|Mrs. George Albert Smith,https://wfpp.columbia.edu/person/laura-bayley/,,accountant|camera operator>amateur camera operator|actress>film actress|secretary|actress>theatre actress,Great Britain,,1864,,1938
1556,Leah Baird,Mrs. Arthur Beck,https://wfpp.columbia.edu/person/leah-baird/,https://wfpp.columbia.edu/wp-content/uploads/Baird_CCP_FIG109_WFP-BAI011.jpg,extra|actress>film actress|producer|writer>screenwriter|actress>theatre actress,United States,June 20,1883,October 3,1971
16586,Leila Lewis,Leila Stewart,https://wfpp.columbia.edu/person/leila-lewis/,https://wfpp.columbia.edu/wp-content/uploads/2018/05/Leila-Stewart.-GettyImages-102578822_master.jpg,casting director|critic>film critic|writer>journalist|publicist>publicity manager,Great Britain,,1893,October 8,1939
1557,Lenore Coffee,Lenore Jackson Coffee|Lenore Cowen|Lenore Coffee Cowen|Lenore Joyce-Cowen,https://wfpp.columbia.edu/person/lenore-coffee/,https://wfpp.columbia.edu/wp-content/uploads/Coffee_FIGX_WFP-COF011.jpg,continuity girl|writer>novelist|writer>playwright|writer>screenwriter|title writer,United States,July 13,1896,July 2,1984
17186,Lettice Ramsey,Lettice Baker|Lettice Cautley Baker|Lettice Baker Ramsey,https://wfpp.columbia.edu/person/lettice-ramsey/,https://wfpp.columbia.edu/wp-content/uploads/2018/09/WFP2-RAMS01-featured-image-e1541164668387.jpg,location scout|visual artist>photographer|set designer,Ireland,August 2,1898,July 12,1985
1558,Lillian Case Russell,Lulu Case,https://wfpp.columbia.edu/person/lillian-case-russell/,,adapter|producer|writer>screenwriter,United States,April 3,1876,June 2,1947
1559,Lillian Ducey,,https://wfpp.columbia.edu/person/lillian-ducey/,,director|writer>screenwriter|title writer,United States,November 26,1878,December 9,1952
1560,Lillian Gish,,https://wfpp.columbia.edu/person/lillian-gish/,https://wfpp.columbia.edu/wp-content/uploads/How_Women_Worked_Fig20_WFP-GIS011.jpg,director|actress>film actress|writer>screenwriter,United States,October 14,1893,February 27,1993
1561,Lois Weber,Mrs. Phillips Smalley|Lois Smalley,https://wfpp.columbia.edu/person/lois-weber/,https://wfpp.columbia.edu/wp-content/uploads/Weber_CCP_FIGX_WFP-WEB141.jpg,director|actress>film actress|film company owner|producer|writer>screenwriter|actress>theatre actress,United States,June 13,1879,November 13,1939
1562,Lorna Moon,Helen Nora Wilson Low,https://wfpp.columbia.edu/person/lorna-moon/,https://wfpp.columbia.edu/wp-content/uploads/CCP_FIG197_MOON_WFP-MOO021.jpg,adapter|writer>novelist|writer>playwright|writer>screenwriter,United States,June 16,1886,May 1,1930
12816,Lotte Reiniger,,https://wfpp.columbia.edu/person/lotte-reiniger/,https://wfpp.columbia.edu/wp-content/uploads/2017/09/WFP2-REI02-featrued-images.jpg,animator|director>assistant director|director>co-director|actress>film actress|visual artist>illustrator|writer>screenwriter|cinematographer>special effects,Canada|Great Britain|Germany|Italy,June 2,1899,June 19,1981
16055,Lottie Lyell,Lottie Edith Cox,https://wfpp.columbia.edu/person/lottie-lyell/,https://wfpp.columbia.edu/wp-content/uploads/2017/09/WFP2-LYE19.jpg,art director|director|editor|actress>film actress|producer|writer>screenwriter|actress>theatre actress|title writer,Australia,February 23,1890,December 21,1925
1563,Louella Parsons,Louella Oettinger,https://wfpp.columbia.edu/person/louella-parsons/,https://wfpp.columbia.edu/wp-content/uploads/CCP_FIG210_PARSONS_WFP-PARS011.jpg,editor>scenario editor>chief scenario editor|writer>journalist>gossip columnist|writer>screenwriter,United States,August 6,1881,December 9,1972
17005,Louise Kolm-Fleck,Louise/Luise Veltée|Louise/Luise Kolm|Louise/Luise Fleck,https://wfpp.columbia.edu/person/louise-kolm-fleck/,https://wfpp.columbia.edu/wp-content/uploads/2018/08/WFP2-FLE01-featured-imagejpg.jpg,director>co-director|producer>co-producer|writer>screenwriter>co-screenwriter|film company founding partner,Austria|China|Germany,August 1,1873,March 15,1950
1565,Louise Lovely,Louise Carbasse|Louise Welch,https://wfpp.columbia.edu/person/louise-lovely/,https://wfpp.columbia.edu/wp-content/uploads/2012/02/WFP2-LOVE03.jpg,casting director|writer>screenwriter>co-screenwriter|director|editor|actress>film actress|producer|production designer|actress>theatre actress,Australia|United States,February 28,1895,March 18,1980
13949,Lucie Derain,Lucienne Dechorain,https://wfpp.columbia.edu/person/lucie-derain/,https://wfpp.columbia.edu/wp-content/uploads/2017/05/WFP2-DERA07-featured-image-e1495203884816.jpeg,film society co-founder>ciné-club co-founder|director|editor|critic>film critic|writer>screenwriter|title writer,France,January 16,1902,,1967
1566,Lucy Duff-Gordon,Lady Duff-Gordon|Lucile|Madame Lucile|née Lucy Sutherland,https://wfpp.columbia.edu/person/lucy-duff-gordon/,https://wfpp.columbia.edu/wp-content/uploads/Duff_CCP_FIG130d_WFP-DUF031.jpg,costume designer|writer,United States,June 13,1863,April 20,1935
1567,Lule Warrenton,,https://wfpp.columbia.edu/person/lule-warrenton/,https://wfpp.columbia.edu/wp-content/uploads/Warrenton_CCP_FIG243_WFP-WAR011.jpg,actress>film actress|producer|writer>screenwriter|director>theatre director|entrepreneur>theatrical entrepreneur,United States,June 22,1862,May 14,1932
12923,Lydia Hayward,Lydia Elizabeth Hayward|Lydia Elizabeth Forrest|Lydia Elizabeth Freshman,https://wfpp.columbia.edu/person/lydia-hayward/,https://wfpp.columbia.edu/wp-content/uploads/2017/07/WFP-HAY01-e1501872735855.jpg,adapter|actress>film actress|editor>scenario editor|scenarist|writer>screenwriter|actress>theatre actress,Great Britain,October 12,1879,June 3,1945
17794,Mabel Condon,Mabel Birdwell|Mrs. Russell Birdwell,https://wfpp.columbia.edu/person/mabel-condon/,https://wfpp.columbia.edu/wp-content/uploads/2018/11/WFP-COND02-featured-image.jpg,business owner|company director|critic>film critic|writer>journalist>film magazine writer|publicist|writer>scenario writer|agent>talent manager|writer>journalist>magazine editor>trade journal editor,United States,January 31,1894,January 21,1965
1568,Mabel Normand,Mabel Fortescue,https://wfpp.columbia.edu/person/mabel-normand/,https://wfpp.columbia.edu/wp-content/uploads/Normand_CCP_FIG199_WFP-NOR041.jpg,director>co-director|comedienne|actress>film actress|producer|writer>scenario writer,United States,November 9,1892,February 23,1930
1569,Madeline Brandeis,Mrs. Madeline (Frank) Brandeis|Madeline Frank,https://wfpp.columbia.edu/person/madeline-brandeis/,https://wfpp.columbia.edu/wp-content/uploads/2012/02/WFP-BRAN01.jpg,director|editor|actress>film actress|film company owner|visual artist>photographer|producer|writer>screenwriter,United States,December 18,1897,June 27,1937
9406,Mae Murray,Marie Adrienne Koenig|“The Girl with the Bee-Stung Lips|The Gardenia of the Screen|Mrs. Robert Z. Leonard|Mrs. David Mdivani,https://wfpp.columbia.edu/person/mae-murray-2/,https://wfpp.columbia.edu/wp-content/uploads/2013/12/WFP-MURR06-e1386361862732.jpg,chorus girl|actress>film actress|producer|writer>scenario writer|actress>theatre actress,United States,May 10,1889,March 23,1965
1571,Maibelle Heikes Justice,Mabel Heikes Justice|Maibelle Justice|Maybelle Heikes Justice,https://wfpp.columbia.edu/person/maibelle-heikes-justice/,https://wfpp.columbia.edu/wp-content/uploads/2013/10/WFP-JUS02.jpg,scenarist|writer>screenwriter|writer>source author|title writer,United States,,1871,March 11,1926
7,Margaret Booth,,https://wfpp.columbia.edu/person/margaret-booth/,https://wfpp.columbia.edu/wp-content/uploads/2013/08/WFP-BOO01.jpg,editor>film cutter,United States,January 16,1898,October 28,2002
1573,Margaret Hepworth,Mrs. Hepworth|Margaret Hope McGuffie|Margarete McGuffie Hepworth,https://wfpp.columbia.edu/person/margaret-mcguffie-hepworth/,,business partner>family business partner|actress>film actress|writer>screenwriter,Great Britain,,1874,October 9,1917
21332,Margaret J. Winkler,M.J. Winkler|Margaret Winkler Mintz,https://wfpp.columbia.edu/person/margaret-j-winkler/,https://wfpp.columbia.edu/wp-content/uploads/2020/04/WFP-WINK03.jpg,distributor>distribution company founder|distributor>distribution company owner,United States,April 22,1895,June 21,1990
1574,Margaret Mayo,Lillian Elizabeth Clatten|Lillian Elizabeth Slatten|Mrs. Edgar Selwyn,https://wfpp.columbia.edu/person/margaret-mayo/,https://wfpp.columbia.edu/wp-content/uploads/2013/08/WFP-MAY01.jpg,adapter|actress>film actress|film company founding partner|writer>playwright|writer>screenwriter|actress>theatre actress,United States,November 19,1882,February 25,1951
1575,Margaret Turnbull,,https://wfpp.columbia.edu/person/margaret-turnbull/,https://wfpp.columbia.edu/wp-content/uploads/2013/08/WFP-TURNB01.jpg,adapter|writer>playwright|writer>scenario writer|writer>screenwriter|writer>source author,Great Britain|France|United States,November 17,1872,June 12,1942
1576,Margery Wilson,Sara(h) Barker Strayer|Margie Wilson|Marjory Wilson|Marjorie Wilson|Mrs. Otto Meeks,https://wfpp.columbia.edu/person/margery-wilson/,https://wfpp.columbia.edu/wp-content/uploads/2012/01/WFP-WILS01.jpg,director|actress>film actress|producer|writer>scenario writer|writer>screenwriter|speech coach|actress>theatre actress,United States,October 31,1896,January 21,1986
1577,Marguerite Bertsch,,https://wfpp.columbia.edu/person/marguerite-bertsch/,https://wfpp.columbia.edu/wp-content/uploads/Bertsch_CCP_Fig113b_WFP-BERT011.jpg,adapter|editor>scenario editor>chief scenario editor|director>co-director|writer>scenario writer|writer>screenwriter|writer>source author,United States,December 14,1889,,1967
16546,Marguerite Renoir,Marguerite Houllé|Marguerite Houllé-Renoir|Marguerite Mathieu|Marguerite,https://wfpp.columbia.edu/person/marguerite-renoir/,https://wfpp.columbia.edu/wp-content/uploads/2018/04/Renoir-Featured-copy-e1525441777858.jpg,editor|actress>film actress|film colorist,France,July 22,1906,July 12,1987
17942,Marguerite Viel,,https://wfpp.columbia.edu/person/marguerite-viel/,https://wfpp.columbia.edu/wp-content/uploads/2019/01/WFP-VIE02-scaled.jpg,consultant>artistic consultant|sales manager>assistant sales manager|director>co-director|dialogue writer|investor|writer>screenwriter|sound editor,France,,1894,,1976
1578,Maria Isabel S&aacute;nchez Concha Aramburú,Belsamira|Marisabidilla,https://wfpp.columbia.edu/person/maria-isabel-s-aacute-nchez-concha-aramburu/,,writer>screenwriter,Peru,June 29,1889,,1977
14676,María Luz Morales Godoy,Felipe Centeno,https://wfpp.columbia.edu/person/maria-luz-morales-godoy/,https://wfpp.columbia.edu/wp-content/uploads/2017/09/WFP2-MORA01-featured-image-copy.jpg,adapter|critic>film critic|scholar>historian>film historian|writer>journalist>newspaper editor|script assistant|critic>theatre critic,Spain,,1898,September 23,1980
2,Maria P. Williams,,https://wfpp.columbia.edu/person/maria-p-williams/,https://wfpp.columbia.edu/wp-content/uploads/African_American_Women_in_the_Silent_Film_Industry_WFP-WILM011.jpg,manager>assistant manager|distributor|actress>film actress|lecturer|producer|writer>screenwriter|secretary-treasurer,United States,,,,
1580,Marian Constance Blackton,Marian Constance Blackton|Marian Constance|Marian Trimble|Marian Blackton Trimble|Mrs. Gardner James,https://wfpp.columbia.edu/person/marian-constance-blackton/,https://wfpp.columbia.edu/wp-content/uploads/2013/08/WFP-BLAM01.jpg,actress>film actress|scenarist|script girl,United States,January 18,1901,December 12,1993
11496,Marie de Kerstrat,Marie Joséphine Charlotte de Tréourret de Kerstrat|Countess Gustave de Grandsaignes d’Hauterives,https://wfpp.columbia.edu/person/marie-de-kerstrat/,https://wfpp.columbia.edu/wp-content/uploads/2015/09/WFP2-KER01.jpg,business partner>family business partner|exhibitor>independent exhibitor|manager|exhibitor>motion picture exhibitor|exhibitor>traveling exhibitor,Canada|France|United States,,1841,,1920
1581,Marie Dressler,Leila Marie Koerber,https://wfpp.columbia.edu/person/marie-dressler/,https://wfpp.columbia.edu/wp-content/uploads/Dressler_CCP_FIG127B_WFP-DRES011.jpg,comedienne|actress>film actress|producer|scenarist|actress>theatre actress,United States,November 9,1868,July 28,1934
10682,Marie Louise Gagner,,https://wfpp.columbia.edu/person/marie-louise-gagner-2/,https://wfpp.columbia.edu/wp-content/uploads/2014/10/WFP2-GAG01-e1418399003272.jpg,censor>film censor,Sweden,January 1,1868,June 23,1933
12778,Marie Stopes,Marie Carmichael|Marie Carmichael Stopes|Marie Charlotte Carmichael Stopes,https://wfpp.columbia.edu/person/marie-stopes/,https://wfpp.columbia.edu/wp-content/uploads/2016/06/WFP2-STOP04-featured-image.jpg,consultant|writer>source author,Great Britain,October 15,1880,October 2,1958
1582,Marion E. Wong,Marion Wong,https://wfpp.columbia.edu/person/marion-e-wong/,https://wfpp.columbia.edu/wp-content/uploads/WONG_WFP-WON031.jpg,company director|costume designer|director|actress>film actress|producer|writer>screenwriter,United States,January 2,1895,February 4,1969
1583,Marion Fairfax,Marion Marshall|Marion Tully Marshall|Marion Josephine Neiswanger|Mrs. Tully Marshall,https://wfpp.columbia.edu/person/marion-fairfax/,https://wfpp.columbia.edu/wp-content/uploads/Fairfax_CPP_FIG132_WFP-FAI011.jpg,company director|director|editor|editorial director|writer>playwright|producer|writer>screenwriter|actress>theatre actress,United States,October 24,1875,October 2,1970
1584,Marion Leonard,,https://wfpp.columbia.edu/person/marion-leonard/,https://wfpp.columbia.edu/wp-content/uploads/Leonard_CCP_FIG173_WFP-LEO021.jpg,actress>film actress|producer|writer>screenwriter,United States,June 9,1881,January 9,1956
14886,Marvin Breckinridge,Mary Marvin Breckinridge Patterson,https://wfpp.columbia.edu/person/marvin-breckinridge/,https://wfpp.columbia.edu/wp-content/uploads/2017/06/WFP-BREC01-e1502121807138.jpg,filmmaker>amateur filmmaker|camera operator|cinematographer|director|editor|writer>journalist|visual artist>photographer|writer>screenwriter,United States,October 2,1905,December 11,2002
14237,Mary Lawton Metcalfe,Electra Sparks,https://wfpp.columbia.edu/person/mary-lawton-metcalfe/,https://wfpp.columbia.edu/wp-content/uploads/2016/05/WFP-MET01.jpg,critic>film critic|film curator|scholar>film scholar>film theorist|writer>journalist|lecturer,United States,March 8,1859,March 5,1949
1585,Mary MacLane,Mary Mac Lane,https://wfpp.columbia.edu/person/mary-maclane/,https://wfpp.columbia.edu/wp-content/uploads/2012/01/WFP-MACL02.jpg,actress>film actress|writer>screenwriter|writer>source author,United States,May 2,1881,August 6,1929
11533,Mary Manning,Molly Manning|Mary Manning Howe|Mary Howe|Mary Manning Adams|Mary Manning Howe Adams,https://wfpp.columbia.edu/person/mary-manning/,https://wfpp.columbia.edu/wp-content/uploads/2015/10/WFP2-MAN01-featured-image-e1449264895573.jpg,adapter|amateur filmmaking club co-founder|writer>journalist>magazine editor>arts magazine editor|director>assistant director|actress>film actress|critic>film critic|film society co-founder|secretary>film society secretary|miscellaneous crew|writer>playwright|actress>theatre actress,Ireland|United States,June 30,1905,June 25,1999
1587,Mary Murillo,Mary O’Connor|Mary Velle,https://wfpp.columbia.edu/person/mary-murillo/,https://wfpp.columbia.edu/wp-content/uploads/2016/05/WFP2-MURI15.jpg,adapter|film company managing director|writer>scenario writer|writer>screenwriter|actress>theatre actress,Great Britain|France|United States,January 22,1888,February 4,1944
14244,Mary O'Connor,Mary Hamilton O’Connor,https://wfpp.columbia.edu/person/mary-oconnor/,https://wfpp.columbia.edu/wp-content/uploads/2017/05/WFP-OCONN01.jpg,guild shareholder|manager>publicity manager|reader|writer>scenario writer>scenario department head|editor>scenario editor|writer>screenwriter,Great Britain|United States,,1872,September 3,1959
1588,Mary Pickford,Mary Pickford Rogers|Gladys Smith|Gladys Louise Smith|Gladys Mary Smith,https://wfpp.columbia.edu/person/mary-pickford/,https://wfpp.columbia.edu/wp-content/uploads/Pickford_CCP_FIGX_WFP-PIC031.jpg,company director|distributor|actress>film actress|film company founding partner|producer|writer>screenwriter|actress>theatre actress,United States,April 8,1892,May 29,1979
1589,Matilde Serao,,https://wfpp.columbia.edu/person/matilde-serao/,https://wfpp.columbia.edu/wp-content/uploads/2013/08/WFP2-SER04.jpg,critic>film critic|writer>journalist|writer>screenwriter|writer>source author,Italy,March 7,1856,July 25,1927
12324,Maude Adams,Maude Ewing Kiscadden,https://wfpp.columbia.edu/person/maude-adams/,https://wfpp.columbia.edu/wp-content/uploads/2016/04/WFP-ADAM03-featured-image.jpg,cinematographer>experimental cinematographer|film company owner|lighting technology engineer|researcher|technician|actress>theatre actress,United States,November 11,1872,July 17,1953
1590,May Clark,Mabel Clark|May French|May Whitton|Mabel Louise Clark,https://wfpp.columbia.edu/person/may-clark/,,camera operator|carpenter|producer>co-producer|company executive|costume designer|business partner>family business partner>family film business partner|actress>film actress|laboratory worker|seamstress|set decorator|cinematographer>special effects,Great Britain|Ireland,June,1885,March 17,1971
12315,May Watkis,Hilda May Gowen|May Gowen Watkis|M.G. Watkis|May G. Watkis,https://wfpp.columbia.edu/person/may-watkis/,https://wfpp.columbia.edu/wp-content/uploads/2020/04/WFP2-WAT02-featured-image-e1586527694737.jpg,censor>assistant|government department head>government official>clerk|government department head>government official>inspector|projectionist>operator,Canada,July 22,1879,December 6,1940
1591,Mimí Derba,Herminia Pérez de León,https://wfpp.columbia.edu/person/mimi-derba/,https://wfpp.columbia.edu/wp-content/uploads/How_Women_Worked_Fig58_WFP-DER011.jpg,director>co-director|actress>film actress|film company founding partner|producer|writer>screenwriter|musician>singer|actress>theatre actress,Mexico,October 9,1893,July 14,1953
1592,Mona Donaldson,Miss D,https://wfpp.columbia.edu/person/mona-donaldson/,,booking clerk|censor>film censor|editor>film cutter,Australia,October,1901,,
1593,Mrs. George Randolph Chester,Lilian Chester|Lillian Josephine Hauser DeRimo,https://wfpp.columbia.edu/person/mrs-george-randolph-chester/,https://wfpp.columbia.edu/wp-content/uploads/2013/09/Mr._and_Mrs._George_Randolph_Chester_WFP-CHE011.jpg,director>co-director|writer>screenwriter>co-screenwriter|writer>co-writer|editor|title writer,United States,September 29,1889,June 7,1961
15938,Mrs. M.T. Pender,Margaret Theresa Doherty Pender|Margaret Pender|Mrs. M. T. Pender|May Pender|Mary Pender|Mary Doherty Pender|Moira Pender?|M.T.P.|Marguerite Pender|Margaret Theresa Doherty Pender|Colleen|Marguerite|Margaret T. O’Doherty Pender,https://wfpp.columbia.edu/person/mrs-m-t-pender/,https://wfpp.columbia.edu/wp-content/uploads/2018/01/WFP2-PEN01-featured-image-e1516221423874.jpg,writer>source author,Ireland,,1848,March 17,1920
1594,Mrs. Sidney Drew,Lucille McVey Drew|Lucille McVey|Jane Morrow,https://wfpp.columbia.edu/person/mrs-sidney-drew/,https://wfpp.columbia.edu/wp-content/uploads/Drew_CCP_FIG129_WFP-DREW011.jpg,director>co-director|producer>co-producer|writer>screenwriter>co-screenwriter|actress>film actress|actress>theatre actress,United States,April 18,1890,November 3,1925
1595,Musidora,Jeanne Roques,https://wfpp.columbia.edu/person/musidora/,https://wfpp.columbia.edu/wp-content/uploads/2012/01/WFP2-MUS01.jpg,director>co-director|producer>co-producer|actress>film actress|music hall performer|writer>screenwriter,France,February 23,1889,December 10,1957
1596,Nancy Naumburg,Nancy Naumburg Goldsmith,https://wfpp.columbia.edu/person/nancy-naumburg/,https://wfpp.columbia.edu/wp-content/uploads/Naumburg_CCP_FIGX_WFP-NAU011.jpg,cinematographer|director>co-director|writer>screenwriter>co-screenwriter|visual artist>photographer|writer>playwright,United States,February 10,1911,May 3,1988
1597,Natacha Rambova,Winifred Shaughnessy Hudnut|Natasha Rambova|Winifred Shaughnessy|Mrs. Rudolph Valentino,https://wfpp.columbia.edu/person/natacha-rambova/,https://wfpp.columbia.edu/wp-content/uploads/2014/01/WFP-RAM04.jpg,art director|writer>screenwriter>co-screenwriter|costume designer|actress>film actress|writer>journalist|writer>playwright|set decorator|set designer|actress>theatre actress,United States,January 19,1897,June 5,1966
1598,Nell Emerald,Mrs. N. Beattie|Ellen Maud O’Shea,https://wfpp.columbia.edu/person/nell-emerald/,,company director>company co-director|actress>film actress|music hall performer|producer|writer>screenwriter,Great Britain,October 29,1882,June 21,1969
1599,Nell Shipman,Helen Foster-Barham|Helen Shipman|Helen Barham Shipman,https://wfpp.columbia.edu/person/nell-shipman/,https://wfpp.columbia.edu/wp-content/uploads/Shipman_CCP_FIG223_WFP-SHI021.jpg,director>co-director|editor|actress>film actress|film company owner|producer|writer>screenwriter,Canada|United States,October 25,1892,January 23,1970
15428,Neyyire Neyir,Münire Eyüp Ertuğrul,https://wfpp.columbia.edu/person/neyyire-neyir/,https://wfpp.columbia.edu/wp-content/uploads/2017/10/WFP2-MUV04-featured-image-e1509375770869.jpg,actress>film actress|writer>journalist>magazine editor>film magazine editor|actress>theatre actress,Turkey,,1902,February 13,1943
13035,Nina Agadzhanova-Shutko,Nina Ferdinandovna Agadzhanova|Nuné Agadzhanova|Nina Shutko|Mariia Mikulevich|Klavdiia Sergeevna Dubrovskaia|Irina Vasil'eva|Ol'ga Monakhova,https://wfpp.columbia.edu/person/nina-agadzhanova-shutko/,https://wfpp.columbia.edu/wp-content/uploads/2016/07/WFP2-AGAD01-featured-image.jpg,director>co-director|editor>co-editor|writer>screenwriter>co-screenwriter|musician>film accompanist|writer>journalist|educator>screenwriting teacher|script consultant|script editor,Russia and former Soviet Union,November 8,1889,December 14,1974
21853,Nina Niovilla,Nina Niovila|Antonina Elżbieta Petrykiewicz|Antonina Petrykiewicz|Nina Petekiewicz|Nina von Petry|Nina Petykiewicz|Antoinette Petrykiewicz|Nina Niowila,https://wfpp.columbia.edu/person/nina-niovilla/,https://wfpp.columbia.edu/wp-content/uploads/2020/09/WFP2-NIO01-featured-image-e1599246708650.jpg,educator>acting teacher|director|actress>film actress|producer|writer>screenwriter,Poland,,1874,,1966
1422,Norma Talmadge,Mrs. Joseph M. Schenck,https://wfpp.columbia.edu/person/norma-talmadge/,https://wfpp.columbia.edu/wp-content/uploads/2012/08/norma-talmadge.jpg,actress>film actress|producer,United States,May 2,1894,December 24,1957
12498,Ol'ga Rakhmanova,Ol'ga Vladimirovna Sokolova,https://wfpp.columbia.edu/person/olga-rakhmanova/,https://wfpp.columbia.edu/wp-content/uploads/2016/02/WFP2-RAK01.jpg,educator>acting teacher|adapter|director>co-director|editor>co-editor|actress>film actress|writer>screenwriter|actress>theatre actress|director>theatre director|entrepreneur>theatrical entrepreneur,Russia and former Soviet Union,,1871,December 23,1943
1600,Olga Petrova,Minnie Collins|Muriel Harding|Madame Petrova|O. Petrova|Olya Petrova,https://wfpp.columbia.edu/person/olga-petrova/,https://wfpp.columbia.edu/wp-content/uploads/Petrova_CCP_FIG211_WFP-PET011.jpg,writer>screenwriter>co-screenwriter|actress>film actress|film company owner|actress>musical comedy actress|producer,United States,May 10,1884,November 30,1977
1601,Olga Printzlau,Olga P. Clark|Olga Printzlau Clark|Mrs. Hal Clements,https://wfpp.columbia.edu/person/olga-printzlau/,https://wfpp.columbia.edu/wp-content/uploads/Printzlau_CCP_FIG214_WFP-PRI011.jpg,adapter|writer>playwright|writer>screenwriter,United States,December 13,1891,July 8,1962
1602,Osa Johnson,Mrs. Martin Johnson|Osa Helen Leighty Johnson|Osa Helen Leighty,https://wfpp.columbia.edu/person/osa-johnson/,https://wfpp.columbia.edu/wp-content/uploads/Johnson_CCP_FIG165_WFP-JOH031.jpg,cinematographer|director|filmmaker>ethnographic filmmaker|actress>film actress|lecturer|visual artist>photographer|producer|writer,United States,March 14,1894,January 7,1953
1603,Ouida Bergère,Eulalia Bergère|Ida Bergère|Mrs. George Fitzmaurice|Mrs. Basil Rathbone,https://wfpp.columbia.edu/person/ouida-bergere/,https://wfpp.columbia.edu/wp-content/uploads/2013/08/Bergere_CCP_FIG113_WFP-BERG021.jpg,adapter|actress>film actress|editor>scenario editor|writer>screenwriter,United States,December 14,1885,November 29,1974
1604,Paula Blackton,Mrs. J. Stuart Blackton|Paula Dean|Paula Hilburn,https://wfpp.columbia.edu/person/paula-blackton/,https://wfpp.columbia.edu/wp-content/uploads/CCP_Blackton_FIGX_WFP-BLAP021.jpg,costume designer|director|actress>film actress|writer>screenwriter,Great Britain|United States,August 1,1881,March 27,1930
1624,Paulette McDonagh,,https://wfpp.columbia.edu/person/paulette-mcdonagh/,https://wfpp.columbia.edu/wp-content/uploads/2012/08/paullete-macdonald.jpg,director|filmmaker>documentary maker|business partner>family business partner>family film business partner|writer>screenwriter,Australia,June 11,1901,August 30,1978
16213,Pearl Ing,Yin Mingzhu/殷明珠|Yin Shangxian/殷尚賢|Longguan|Miss F.F.,https://wfpp.columbia.edu/person/pearl-ing/,https://wfpp.columbia.edu/wp-content/uploads/2018/02/Pearl-Ing-featured-image-e1520015062760.jpg,actress>film actress|investor|production coordinator,China,,1904,,1989
1605,Pearl White,Peerless Fearless Girl|Heroine of a Thousand Stunts|Mrs. Wallace McCutheon|Mrs. Victor Sutherland|Mrs. Theodore Cossika,https://wfpp.columbia.edu/person/pearl-white/,https://wfpp.columbia.edu/wp-content/uploads/White_CCP_FIGX_WFP-WHI041.jpg,actress>film actress|music hall performer,United States,March 4,1889,August 4,1938
1622,Phyllis McDonagh,,https://wfpp.columbia.edu/person/phyllis-mcdonagh/,https://wfpp.columbia.edu/wp-content/uploads/2012/08/phyllis-mcdonagh.jpg,art director|business partner>family business partner>family film business partner|writer>journalist|producer|publicist,Australia|New Zealand,January 7,1900,October 17,1972
10693,Pu Shunqing,濮舜卿,https://wfpp.columbia.edu/person/pu-shunqing-2/,https://wfpp.columbia.edu/wp-content/uploads/2014/12/WFP2-SHUN06-FI.jpg,director>assistant director|actress>film actress|writer>playwright|writer>screenwriter,China,,1902,,
12341,Ray Lewis,Rae Levinsky|Ray L. Levinsky|Mrs. Joshua Smith,https://wfpp.columbia.edu/person/ray-lewis/,https://wfpp.columbia.edu/wp-content/uploads/2015/04/WFP2-LEW01.jpg,dancer|distributor|exhibitor|critic>film critic|writer>playwright|writer>poet|writer>screenwriter|writer>source author|actress>theatre actress|writer>journalist>magazine editor>trade journal editor|publisher>trade journal publisher|costume designer>wardrobe consultant,Canada|United States,March 14,1883,July 5,1954
16315,Renée Deliot,Renée Felicie Deliot|Renée de Liot,https://wfpp.columbia.edu/person/renee-deliot/,,cinema proprietor|distributor|film company owner|writer>screenwriter,France|Italy,September 20,1881,August 27,1960
12683,Rosa Porten,Dr. R. Portegg,https://wfpp.columbia.edu/person/rosa-porten/,https://wfpp.columbia.edu/wp-content/uploads/Porten_WFP2-POR031.jpg,director>co-director|actress>film actress|writer>journalist|writer>novelist|writer>screenwriter,Germany,February 18,1884,May 7,1972
1606,Rosario Rodríguez de la Serna,,https://wfpp.columbia.edu/person/rosario-rodriguez-de-la-serna/,,director|actress>film actress|film company owner|producer,Chile,,,,
11,Rose Smith,,https://wfpp.columbia.edu/person/rosesmith/,,continuity|editor,United States,March 6,1897,May 29,1962
1607,Ruth Ann Baldwin,Ruth A. Pierson,https://wfpp.columbia.edu/person/ruth-ann-baldwin/,https://wfpp.columbia.edu/wp-content/uploads/2013/12/WFP-BAL02.jpg,director>assistant director|writer>screenwriter>co-screenwriter|editor|writer>scenario writer|writer>source author,United States,September,1886,,
1608,Ruth Bryan Owen,Ruth Bryan|Mrs. William Homer Leavitt|Mrs. Reginald Altham Owen|Mrs. Borge Rohde,https://wfpp.columbia.edu/person/ruth-bryan-owen/,https://wfpp.columbia.edu/wp-content/uploads/2011/12/WFP-OWE03.jpg,director|producer|writer>screenwriter|set designer,United States,October 2,1885,July 26,1954
1609,Ruth Goetz,Ruth von Schüching,https://wfpp.columbia.edu/person/ruth-goetz/,,adapter|writer>screenwriter>co-screenwriter|writer>journalist|writer>novelist,Germany,November 5,1886,,
21878,Ruth Gould Dolesé,Ruth Ellen Gould|Ruth E. Gould|R.G. Dolesé|Ruth Ellen Gould Dolesé,https://wfpp.columbia.edu/person/ruth-ellen-gould-dolese/,,catalog editor|film company department head|lecturer,United States,,1868,September 17,1913
1610,Ruth Stonehouse,,https://wfpp.columbia.edu/person/ruth-stonehouse/,https://wfpp.columbia.edu/wp-content/uploads/Stonehouse_CCP_FIG224_WFP-STO011.jpg,director|actress>film actress|writer>screenwriter,United States,September 28,1892,May 21,1941
1611,Sada Cowan,Sada Louise Cowan|Mrs. Fredrick James Pitt|Mrs. Ernest L. Commons,https://wfpp.columbia.edu/person/sada-cowan/,https://wfpp.columbia.edu/wp-content/uploads/CCP_Cowan_FIG115_WFP-COW011.jpg,writer>screenwriter>co-screenwriter|continuity|writer>playwright,United States,September 8,1882,July 31,1943
11896,Sarah Bernhardt,Henrietta Rosine Bernard|Sara-Marie-Henriette Bernhardt,https://wfpp.columbia.edu/person/sarah-bernhardt/,https://wfpp.columbia.edu/wp-content/uploads/2016/02/WFP2-BERN09.jpg,actress>film actress|writer>novelist|painter|producer|writer>screenwriter|visual artist>sculptor|actress>theatre actress|director>theatre director|theatrical manager,Great Britain|France|United States,September 25,1844,March 26,1923
1612,Sarah Y. Mason,Mrs. Owen Moore|Sarah Yeiser Mason|Mrs. Victor Heerman,https://wfpp.columbia.edu/person/sarah-y-mason/,https://wfpp.columbia.edu/wp-content/uploads/Mason_CCP_FIG184_WFP-MAS061.jpg,adapter|writer>screenwriter>co-screenwriter|continuity,United States,March 31,1896,,November 1980
1613,Señora Spencer,Mary Stuart Huntly|Mary Stuart Spencer,https://wfpp.columbia.edu/person/senora-spencer/,,cinema proprietor|business partner>family business partner|exhibitor>motion picture exhibitor|producer|projectionist,Australia,May 15,1871,April 19,1940
1614,Sonya Levien,Sonya Hovey|Sonya Opesken,https://wfpp.columbia.edu/person/sonya-levien/,https://wfpp.columbia.edu/wp-content/uploads/Levien_CCP_FIG175_WFP-LEV011.jpg,adapter|writer>screenwriter>co-screenwriter|continuity|editor>scenario editor,United States,December 25,1888,March 19,1960
1615,Stefanía Socha,,https://wfpp.columbia.edu/person/stefania-socha/,,educator>acting teacher|producer,Peru,September 2,1898,August 22,1958
22000,Stefania Zahorska,Stefania Ernestyna Leser|Ernestyna Leser|Stefania Lesser|Stefanja Zahorska|Pandora,https://wfpp.columbia.edu/person/stefania-zahorska/,https://wfpp.columbia.edu/wp-content/uploads/2017/06/WFP2-ZAH03.png,critic>art critic|scholar>historian>art historian|critic>film critic|scholar>film scholar>film theorist|writer>journalist|writer>novelist,Poland,April 25,1889,April 6,1961
1616,Stella F. Simon,Stella Furchgott,https://wfpp.columbia.edu/person/stella-f-simon/,,director|cinematographer>experimental cinematographer|actress>film actress|visual artist>photographer,Germany|United States,February 8,1878,March 15,1973
21382,Suzanne Marwille,Marta Schölerová,https://wfpp.columbia.edu/person/suzanne-marwille/,https://wfpp.columbia.edu/wp-content/uploads/2020/04/WFP2-MAR09.jpg,actress>film actress|writer>screenwriter,Czechoslovakia|Germany,July 11,1895,January 14,1962
14747,Tazuko Sakane,坂根田鶴子|佐久間田鶴子,https://wfpp.columbia.edu/person/tazuko-sakane/,https://wfpp.columbia.edu/wp-content/uploads/2017/07/WFP2-SAK02.jpeg,director>assistant director|editor|writer>screenwriter|script supervisor,China|Japan,December 7,1904,September 2,1975
1617,Teresita Arce,Teresita Arce-Bouroncle O’Higgins,https://wfpp.columbia.edu/person/teresita-arce/,,actress>film actress|actress>theatre actress|entrepreneur>theatrical entrepreneur,Peru,,,August 28,1981
1618,Texas Guinan,Mary Louise Cecelia Guinan,https://wfpp.columbia.edu/person/texas-guinan/,https://wfpp.columbia.edu/wp-content/uploads/2011/11/texas-guinan.jpg,company director|actress>film actress|producer,United States,January 12,1884,November 5,1933
1626,Thea Červenková,Terezie Červenková|lady crazy about film.,https://wfpp.columbia.edu/person/thea-cervenkova/,,director|filmmaker>documentary maker|actress>film actress|film company founding partner|film company owner|critic>film critic|writer>journalist|writer>playwright|producer|writer>screenwriter,Czechoslovakia,May 27,1882,,1961
1627,Thea von Harbou,Mrs. Rudolf Klein-Rogge,https://wfpp.columbia.edu/person/thea-von-harbou/,https://wfpp.columbia.edu/wp-content/uploads/2011/11/WFP2-VONH01.jpg,adapter|director|writer>novelist|writer>screenwriter|writer>source author|actress>theatre actress,Germany,December 27,1888,July 1,1954
1,Tressie Souders,Tressie Saunders|Tressa Souders,https://wfpp.columbia.edu/person/tressie-souders/,,director|producer|writer>screenwriter,United States,,,,
1628,Tsuru Aoki,Mrs. Sessue Hayakawa,https://wfpp.columbia.edu/person/tsuru-aoki/,https://wfpp.columbia.edu/wp-content/uploads/WFP-AOK01-AOKI-MAIN1.jpg,actress>film actress|producer|set designer|actress>theatre actress,United States,September 9,1892,October 18,1961
1629,Valda Valkyrien,Baroness Dewitz|Baroness Von Dewitz|Adele Frede|Mrs. Adele Stuart Otto|Mademoiselle Valkyrien,https://wfpp.columbia.edu/person/valda-valkyrien/,https://wfpp.columbia.edu/wp-content/uploads/Valkyrien_CCP_FIG242_WFP-VAL011.jpg,actress>film actress|producer,Denmark|United States,September 30,1894,October 22,1956
20509,Valentina Brumberg,Valentina Semyonovna Brumberg,https://wfpp.columbia.edu/person/valentina-semyonovna-brumberg/,,animator|consultant>artistic council member|director>co-director|editor|writer>screenwriter,Russia and former Soviet Union,August 2,1899,November 28,1975
1630,Vera McCord,,https://wfpp.columbia.edu/person/vera-mccord/,https://wfpp.columbia.edu/wp-content/uploads/2012/02/WFP-MCC01.jpg,educator>acting teacher|adapter|director|actress>film actress|producer|writer>screenwriter|actress>theatre actress,United States,,1872,March 2,1949
8,Viola Lawrence,Viola Mallory,https://wfpp.columbia.edu/person/viola-lawrence/,https://wfpp.columbia.edu/wp-content/uploads/2014/01/WFP-LAWV02-e1389386617701.jpg,editor>film cutter,United States,December 2,1894,November 20,1973
17569,Virgínia de Castro e Almeida,,https://wfpp.columbia.edu/person/virginia-de-castro-e-almeida/,https://wfpp.columbia.edu/wp-content/uploads/2018/10/WFP2-CAS09.jpg,editor|film company owner|producer|writer>screenwriter|writer>source author,France|Portugal,November 24,1874,January 22,1945
1631,Wanda Tuchock,,https://wfpp.columbia.edu/person/wanda-tuchock/,,adapter|director>co-director|filmmaker>documentary maker|producer|writer>screenwriter,United States,March 20,1898,February 10,1985
1632,Winifred Dunn,Mrs. Harold Swartz,https://wfpp.columbia.edu/person/winifred-dunn/,https://wfpp.columbia.edu/wp-content/uploads/CCP_fig131_Dunn_WFP-DUNN011-e1322801038902.jpg,editor>scenario editor|writer>screenwriter|title writer,United States,,1898/1899,,
15052,Winnifred Eaton,Onoto Watanna|Winnifred Eaton Reeve|Winnifred Reeve|Winnifred Eaton Babcock|Winnifred Babcock|Mrs. Bertrand Babcock|“Winifred”,https://wfpp.columbia.edu/person/winnifred-eaton/,https://wfpp.columbia.edu/wp-content/uploads/2017/09/WFP-EAT01-featured-image-e1504295073989.jpg,adapter|writer>journalist|literary advisor|writer>novelist|editor>scenario editor|writer>screenwriter|title writer,United States,August 21,1875,April 8,1954
16243,Xie Caizhen,謝采貞,https://wfpp.columbia.edu/person/xie-caizhen/,https://wfpp.columbia.edu/wp-content/uploads/2015/05/WFP2-XIE01.jpg,director|actress>film actress,China,,,,
20995,Yan Shanshan,嚴珊珊|嚴淑姬|絳貞|誠意|Yim San-san|Lily Yam,https://wfpp.columbia.edu/person/yan-shanshan/,https://wfpp.columbia.edu/wp-content/uploads/2020/02/WFP2-SHAN04-featured-image.jpg,agent|business partner>business co-owner|actress>film actress,China|China,October 22,1896,August 2,1951
16184,Yang Naimei,楊耐梅|Yang Lizhu/楊麗珠,https://wfpp.columbia.edu/person/yang-naimei/,https://wfpp.columbia.edu/wp-content/uploads/2015/08/WFP2-YANGN02.jpg,costume designer|actress>film actress|film company owner|producer|writer>screenwriter,China,,1904,February 27,1960
20512,Zinaida Brumberg,Zinaida Semyonovna Brumberg,https://wfpp.columbia.edu/person/zinaida-semyonovna-brumberg/,https://wfpp.columbia.edu/wp-content/uploads/2019/11/WFP2-BRU02.jpg,animator|consultant>artistic council member|director>co-director|editor|writer>screenwriter,Russia and former Soviet Union,August 2,1900,February 9,1983
5,Zora Neale Hurston,,https://wfpp.columbia.edu/person/zora-neale-hurston/,https://wfpp.columbia.edu/wp-content/uploads/HURSTON-WFP-HUR011.jpg,director|filmmaker>ethnographic filmmaker|writer>novelist|personal assistant|writer>playwright|writer>screenwriter,United States,January 7,1891,January 28,1960